{
  "codeSystems" : [
    {
      "url" : "http://hl7.org/fhir/ValueSet/FHIR-version",
      "version" : "4.0.1",
      "status" : "active",
      "name" : "FHIRVersion",
      "title" : "FHIRVersion",
      "description" : "All published FHIR Versions.",
      "systems" : ["http://hl7.org/fhir/FHIR-version"],
      "oids" : ["2.16.840.1.113883.4.642.3.1309"],
      "sources" : ["2.16.840.1.113883.4.642.3.1309"],
      "uses" : {
      },
      "StructureDefinition-SGStructureDefinition.html" : "SMART Guidelines StructureDefinition",
      "StructureDefinition-SGLogicalModel.html" : "SMART Guidelines Logical Model",
      "StructureDefinition-SGImplementationGuide.html" : "SMART Guidelines ImplementationGuide"
    },
    {
      "url" : "http://hl7.org/fhir/ValueSet/action-cardinality-behavior",
      "version" : "4.0.1",
      "status" : "draft",
      "name" : "ActionCardinalityBehavior",
      "title" : "ActionCardinalityBehavior",
      "description" : "Defines behavior for an action or a group for how many times that item may be repeated.",
      "systems" : ["http://hl7.org/fhir/action-cardinality-behavior"],
      "oids" : ["2.16.840.1.113883.4.642.3.807"],
      "sources" : ["2.16.840.1.113883.4.642.3.807"],
      "uses" : {
      },
      "StructureDefinition-SGPlanDefinition.html" : "SMART Guidelines PlanDefinition",
      "StructureDefinition-SGBusinessProcess.html" : "SMART Guidelines Business Process"
    },
    {
      "url" : "http://hl7.org/fhir/ValueSet/action-condition-kind",
      "version" : "4.0.1",
      "status" : "draft",
      "name" : "ActionConditionKind",
      "title" : "ActionConditionKind",
      "description" : "Defines the kinds of conditions that can appear on actions.",
      "systems" : ["http://hl7.org/fhir/action-condition-kind"],
      "oids" : ["2.16.840.1.113883.4.642.3.815"],
      "sources" : ["2.16.840.1.113883.4.642.3.815"],
      "uses" : {
      },
      "StructureDefinition-SGPlanDefinition.html" : "SMART Guidelines PlanDefinition",
      "StructureDefinition-SGBusinessProcess.html" : "SMART Guidelines Business Process"
    },
    {
      "url" : "http://hl7.org/fhir/ValueSet/action-grouping-behavior",
      "version" : "4.0.1",
      "status" : "draft",
      "name" : "ActionGroupingBehavior",
      "title" : "ActionGroupingBehavior",
      "description" : "Defines organization behavior of a group.",
      "systems" : ["http://hl7.org/fhir/action-grouping-behavior"],
      "oids" : ["2.16.840.1.113883.4.642.3.799"],
      "sources" : ["2.16.840.1.113883.4.642.3.799"],
      "uses" : {
      },
      "StructureDefinition-SGPlanDefinition.html" : "SMART Guidelines PlanDefinition",
      "StructureDefinition-SGBusinessProcess.html" : "SMART Guidelines Business Process"
    },
    {
      "url" : "http://hl7.org/fhir/ValueSet/action-participant-role",
      "version" : "4.0.1",
      "status" : "draft",
      "name" : "ActionParticipantRole",
      "title" : "Action participant role",
      "description" : "Either a practitioner role or a relationship type.",
      "systems" : [
        "http://terminology.hl7.org/CodeSystem/v3-RoleCode",
        "http://terminology.hl7.org/CodeSystem/v2-0131",
        "http://terminology.hl7.org/CodeSystem/practitioner-role",
        "http://snomed.info/sct"
      ],
      "oids" : ["2.16.840.1.113883.4.642.3.796"],
      "sources" : ["2.16.840.1.113883.4.642.3.796"],
      "uses" : {
      },
      "StructureDefinition-SGPlanDefinition.html" : "SMART Guidelines PlanDefinition",
      "StructureDefinition-SGActivityDefinition.html" : "SMART Guidelines ActivityDefinition",
      "StructureDefinition-SGBusinessProcess.html" : "SMART Guidelines Business Process"
    },
    {
      "url" : "http://hl7.org/fhir/ValueSet/action-participant-type",
      "version" : "4.0.1",
      "status" : "draft",
      "name" : "ActionParticipantType",
      "title" : "ActionParticipantType",
      "description" : "The type of participant for the action.",
      "systems" : ["http://hl7.org/fhir/action-participant-type"],
      "oids" : ["2.16.840.1.113883.4.642.3.811"],
      "sources" : ["2.16.840.1.113883.4.642.3.811"],
      "uses" : {
      },
      "StructureDefinition-SGPlanDefinition.html" : "SMART Guidelines PlanDefinition",
      "StructureDefinition-SGActivityDefinition.html" : "SMART Guidelines ActivityDefinition",
      "StructureDefinition-SGBusinessProcess.html" : "SMART Guidelines Business Process"
    },
    {
      "url" : "http://hl7.org/fhir/ValueSet/action-precheck-behavior",
      "version" : "4.0.1",
      "status" : "draft",
      "name" : "ActionPrecheckBehavior",
      "title" : "ActionPrecheckBehavior",
      "description" : "Defines selection frequency behavior for an action or group.",
      "systems" : ["http://hl7.org/fhir/action-precheck-behavior"],
      "oids" : ["2.16.840.1.113883.4.642.3.805"],
      "sources" : ["2.16.840.1.113883.4.642.3.805"],
      "uses" : {
      },
      "StructureDefinition-SGPlanDefinition.html" : "SMART Guidelines PlanDefinition",
      "StructureDefinition-SGBusinessProcess.html" : "SMART Guidelines Business Process"
    },
    {
      "url" : "http://hl7.org/fhir/ValueSet/action-relationship-type",
      "version" : "4.0.1",
      "status" : "draft",
      "name" : "ActionRelationshipType",
      "title" : "ActionRelationshipType",
      "description" : "Defines the types of relationships between actions.",
      "systems" : ["http://hl7.org/fhir/action-relationship-type"],
      "oids" : ["2.16.840.1.113883.4.642.3.813"],
      "sources" : ["2.16.840.1.113883.4.642.3.813"],
      "uses" : {
      },
      "StructureDefinition-SGPlanDefinition.html" : "SMART Guidelines PlanDefinition",
      "StructureDefinition-SGBusinessProcess.html" : "SMART Guidelines Business Process"
    },
    {
      "url" : "http://hl7.org/fhir/ValueSet/action-required-behavior",
      "version" : "4.0.1",
      "status" : "draft",
      "name" : "ActionRequiredBehavior",
      "title" : "ActionRequiredBehavior",
      "description" : "Defines expectations around whether an action or action group is required.",
      "systems" : ["http://hl7.org/fhir/action-required-behavior"],
      "oids" : ["2.16.840.1.113883.4.642.3.803"],
      "sources" : ["2.16.840.1.113883.4.642.3.803"],
      "uses" : {
      },
      "StructureDefinition-SGPlanDefinition.html" : "SMART Guidelines PlanDefinition",
      "StructureDefinition-SGBusinessProcess.html" : "SMART Guidelines Business Process"
    },
    {
      "url" : "http://hl7.org/fhir/ValueSet/action-selection-behavior",
      "version" : "4.0.1",
      "status" : "draft",
      "name" : "ActionSelectionBehavior",
      "title" : "ActionSelectionBehavior",
      "description" : "Defines selection behavior of a group.",
      "systems" : ["http://hl7.org/fhir/action-selection-behavior"],
      "oids" : ["2.16.840.1.113883.4.642.3.801"],
      "sources" : ["2.16.840.1.113883.4.642.3.801"],
      "uses" : {
      },
      "StructureDefinition-SGPlanDefinition.html" : "SMART Guidelines PlanDefinition",
      "StructureDefinition-SGBusinessProcess.html" : "SMART Guidelines Business Process"
    },
    {
      "url" : "http://hl7.org/fhir/ValueSet/action-type",
      "version" : "4.0.1",
      "status" : "draft",
      "name" : "ActionType",
      "title" : "ActionType",
      "description" : "The type of action to be performed.",
      "systems" : ["http://terminology.hl7.org/CodeSystem/action-type"],
      "oids" : ["2.16.840.1.113883.4.642.3.809"],
      "sources" : ["2.16.840.1.113883.4.642.3.809"],
      "uses" : {
      },
      "StructureDefinition-SGPlanDefinition.html" : "SMART Guidelines PlanDefinition",
      "StructureDefinition-SGBusinessProcess.html" : "SMART Guidelines Business Process"
    },
    {
      "url" : "http://hl7.org/fhir/ValueSet/binding-strength",
      "version" : "4.0.1",
      "status" : "active",
      "name" : "BindingStrength",
      "title" : "BindingStrength",
      "description" : "Indication of the degree of conformance expectations associated with a binding.",
      "systems" : ["http://hl7.org/fhir/binding-strength"],
      "oids" : ["2.16.840.1.113883.4.642.3.43"],
      "sources" : ["2.16.840.1.113883.4.642.3.43"],
      "uses" : {
      },
      "StructureDefinition-SGLogicalModel.html" : "SMART Guidelines Logical Model"
    },
    {
      "url" : "http://hl7.org/fhir/ValueSet/body-site",
      "version" : "4.0.1",
      "status" : "draft",
      "name" : "SNOMEDCTBodyStructures",
      "title" : "SNOMED CT Body Structures",
      "description" : "This value set includes all codes from [SNOMED CT](http://snomed.info/sct) where concept is-a 442083009 (Anatomical or acquired body site (body structure)).",
      "systems" : ["http://snomed.info/sct"],
      "oids" : ["2.16.840.1.113883.4.642.3.141"],
      "sources" : ["2.16.840.1.113883.4.642.3.141"],
      "uses" : {
      },
      "StructureDefinition-SGActivityDefinition.html" : "SMART Guidelines ActivityDefinition"
    },
    {
      "url" : "http://hl7.org/fhir/ValueSet/clinical-findings",
      "version" : "4.0.1",
      "status" : "draft",
      "name" : "SNOMEDCTClinicalFindings",
      "title" : "SNOMED CT Clinical Findings",
      "description" : "This value set includes all the \"Clinical finding\" [SNOMED CT](http://snomed.info/sct) codes - concepts where concept is-a 404684003 (Clinical finding (finding)).",
      "systems" : ["http://snomed.info/sct"],
      "oids" : ["2.16.840.1.113883.4.642.3.232"],
      "sources" : ["2.16.840.1.113883.4.642.3.232"],
      "uses" : {
      },
      "StructureDefinition-SGPlanDefinition.html" : "SMART Guidelines PlanDefinition",
      "StructureDefinition-SGBusinessProcess.html" : "SMART Guidelines Business Process"
    },
    {
      "url" : "http://hl7.org/fhir/ValueSet/codesystem-content-mode",
      "version" : "4.0.1",
      "status" : "active",
      "name" : "CodeSystemContentMode",
      "title" : "CodeSystemContentMode",
      "description" : "The extent of the content of the code system (the concepts and codes it defines) are represented in a code system resource.",
      "systems" : ["http://hl7.org/fhir/codesystem-content-mode"],
      "oids" : ["2.16.840.1.113883.4.642.3.782"],
      "sources" : ["2.16.840.1.113883.4.642.3.782"],
      "uses" : {
      },
      "StructureDefinition-SGCodeSystem.html" : "SMART Guidelines CodeSystem"
    },
    {
      "url" : "http://hl7.org/fhir/ValueSet/codesystem-hierarchy-meaning",
      "version" : "4.0.1",
      "status" : "active",
      "name" : "CodeSystemHierarchyMeaning",
      "title" : "CodeSystemHierarchyMeaning",
      "description" : "The meaning of the hierarchy of concepts in a code system.",
      "systems" : ["http://hl7.org/fhir/codesystem-hierarchy-meaning"],
      "oids" : ["2.16.840.1.113883.4.642.3.784"],
      "sources" : ["2.16.840.1.113883.4.642.3.784"],
      "uses" : {
      },
      "StructureDefinition-SGCodeSystem.html" : "SMART Guidelines CodeSystem"
    },
    {
      "url" : "http://hl7.org/fhir/ValueSet/composite-measure-scoring",
      "version" : "4.0.1",
      "status" : "draft",
      "name" : "CompositeMeasureScoring",
      "title" : "CompositeMeasureScoring",
      "description" : "The composite scoring method of the measure.",
      "systems" : [
        "http://terminology.hl7.org/CodeSystem/composite-measure-scoring"
      ],
      "oids" : ["2.16.840.1.113883.4.642.3.773"],
      "sources" : ["2.16.840.1.113883.4.642.3.773"],
      "uses" : {
      },
      "StructureDefinition-SGMeasure.html" : "SMART Guidelines Measure"
    },
    {
      "url" : "http://hl7.org/fhir/ValueSet/concept-map-equivalence",
      "version" : "4.0.1",
      "status" : "draft",
      "name" : "ConceptMapEquivalence",
      "title" : "ConceptMapEquivalence",
      "description" : "The degree of equivalence between concepts.",
      "systems" : ["http://hl7.org/fhir/concept-map-equivalence"],
      "oids" : ["2.16.840.1.113883.4.642.3.17"],
      "sources" : ["2.16.840.1.113883.4.642.3.17"],
      "uses" : {
      },
      "StructureDefinition-SGConceptMap.html" : "SMART Guidelines ConceptMap"
    },
    {
      "url" : "http://hl7.org/fhir/ValueSet/concept-property-type",
      "version" : "4.0.1",
      "status" : "active",
      "name" : "PropertyType",
      "title" : "PropertyType",
      "description" : "The type of a property value.",
      "systems" : ["http://hl7.org/fhir/concept-property-type"],
      "oids" : ["2.16.840.1.113883.4.642.3.780"],
      "sources" : ["2.16.840.1.113883.4.642.3.780"],
      "uses" : {
      },
      "StructureDefinition-SGCodeSystem.html" : "SMART Guidelines CodeSystem"
    },
    {
      "url" : "http://hl7.org/fhir/ValueSet/conceptmap-unmapped-mode",
      "version" : "4.0.1",
      "status" : "draft",
      "name" : "ConceptMapGroupUnmappedMode",
      "title" : "ConceptMapGroupUnmappedMode",
      "description" : "Defines which action to take if there is no match in the group.",
      "systems" : ["http://hl7.org/fhir/conceptmap-unmapped-mode"],
      "oids" : ["2.16.840.1.113883.4.642.3.480"],
      "sources" : ["2.16.840.1.113883.4.642.3.480"],
      "uses" : {
      },
      "StructureDefinition-SGConceptMap.html" : "SMART Guidelines ConceptMap"
    },
    {
      "url" : "http://hl7.org/fhir/ValueSet/condition-code",
      "version" : "4.0.1",
      "status" : "draft",
      "name" : "Condition/Problem/DiagnosisCodes",
      "title" : "Condition/Problem/Diagnosis Codes",
      "description" : "Example value set for Condition/Problem/Diagnosis codes.",
      "systems" : ["http://snomed.info/sct"],
      "oids" : ["2.16.840.1.113883.4.642.3.161"],
      "sources" : ["2.16.840.1.113883.4.642.3.161"],
      "uses" : {
      },
      "StructureDefinition-SGPlanDefinition.html" : "SMART Guidelines PlanDefinition",
      "StructureDefinition-SGBusinessProcess.html" : "SMART Guidelines Business Process"
    },
    {
      "url" : "http://hl7.org/fhir/ValueSet/constraint-severity",
      "version" : "4.0.1",
      "status" : "active",
      "name" : "ConstraintSeverity",
      "title" : "ConstraintSeverity",
      "description" : "SHALL applications comply with this constraint?",
      "systems" : ["http://hl7.org/fhir/constraint-severity"],
      "oids" : ["2.16.840.1.113883.4.642.3.81"],
      "sources" : ["2.16.840.1.113883.4.642.3.81"],
      "uses" : {
      },
      "StructureDefinition-SGLogicalModel.html" : "SMART Guidelines Logical Model"
    },
    {
      "url" : "http://hl7.org/fhir/ValueSet/defined-types",
      "version" : "4.0.1",
      "status" : "active",
      "name" : "FHIRDefinedType",
      "title" : "FHIRDefinedType",
      "description" : "A list of all the concrete types defined in this version of the FHIR specification - Data Types and Resource Types.",
      "systems" : [
        "http://hl7.org/fhir/resource-types",
        "http://hl7.org/fhir/data-types"
      ],
      "oids" : ["2.16.840.1.113883.4.642.3.24"],
      "sources" : ["2.16.840.1.113883.4.642.3.24"],
      "uses" : {
      },
      "StructureDefinition-SGStructureDefinition.html" : "SMART Guidelines StructureDefinition",
      "StructureDefinition-SGLogicalModel.html" : "SMART Guidelines Logical Model"
    },
    {
      "url" : "http://hl7.org/fhir/ValueSet/definition-topic",
      "version" : "4.0.1",
      "status" : "draft",
      "name" : "DefinitionTopic",
      "title" : "DefinitionTopic",
      "description" : "High-level categorization of the definition, used for searching, sorting, and filtering.",
      "systems" : ["http://terminology.hl7.org/CodeSystem/definition-topic"],
      "oids" : ["2.16.840.1.113883.4.642.3.794"],
      "sources" : ["2.16.840.1.113883.4.642.3.794"],
      "uses" : {
      },
      "StructureDefinition-SGMeasure.html" : "SMART Guidelines Measure",
      "StructureDefinition-SGLibrary.html" : "SMART Guidelines Library",
      "StructureDefinition-SGPlanDefinition.html" : "SMART Guidelines PlanDefinition",
      "StructureDefinition-SGActivityDefinition.html" : "SMART Guidelines ActivityDefinition",
      "StructureDefinition-SGBusinessProcess.html" : "SMART Guidelines Business Process"
    },
    {
      "url" : "http://hl7.org/fhir/ValueSet/definition-use",
      "version" : "4.0.1",
      "status" : "active",
      "name" : "DefinitionUseCodes",
      "title" : "Structure Definition Use Codes / Keywords",
      "description" : "Structure Definition Use Codes / Keywords",
      "systems" : ["http://terminology.hl7.org/CodeSystem/definition-use"],
      "oids" : ["2.16.840.1.113883.4.642.3.1190"],
      "sources" : ["2.16.840.1.113883.4.642.3.1190"],
      "uses" : {
      },
      "StructureDefinition-SGStructureDefinition.html" : "SMART Guidelines StructureDefinition",
      "StructureDefinition-SGLogicalModel.html" : "SMART Guidelines Logical Model"
    },
    {
      "url" : "http://hl7.org/fhir/ValueSet/designation-use",
      "version" : "4.0.1",
      "status" : "active",
      "name" : "DesignationUse",
      "title" : "Designation Use",
      "description" : "Details of how a designation would be used",
      "systems" : ["http://snomed.info/sct"],
      "oids" : ["2.16.840.1.113883.4.642.3.264"],
      "sources" : ["2.16.840.1.113883.4.642.3.264"],
      "uses" : {
      },
      "StructureDefinition-SGCodeSystem.html" : "SMART Guidelines CodeSystem",
      "StructureDefinition-SGValueSet.html" : "SMART Guidelines ValueSet"
    },
    {
      "url" : "http://hl7.org/fhir/ValueSet/discriminator-type",
      "version" : "4.0.1",
      "status" : "active",
      "name" : "DiscriminatorType",
      "title" : "DiscriminatorType",
      "description" : "How an element value is interpreted when discrimination is evaluated.",
      "systems" : ["http://hl7.org/fhir/discriminator-type"],
      "oids" : ["2.16.840.1.113883.4.642.3.91"],
      "sources" : ["2.16.840.1.113883.4.642.3.91"],
      "uses" : {
      },
      "StructureDefinition-SGLogicalModel.html" : "SMART Guidelines Logical Model"
    },
    {
      "url" : "http://hl7.org/fhir/ValueSet/extension-context-type",
      "version" : "4.0.1",
      "status" : "active",
      "name" : "ExtensionContextType",
      "title" : "ExtensionContextType",
      "description" : "How an extension context is interpreted.",
      "systems" : ["http://hl7.org/fhir/extension-context-type"],
      "oids" : ["2.16.840.1.113883.4.642.3.1012"],
      "sources" : ["2.16.840.1.113883.4.642.3.1012"],
      "uses" : {
      },
      "StructureDefinition-SGStructureDefinition.html" : "SMART Guidelines StructureDefinition",
      "StructureDefinition-SGLogicalModel.html" : "SMART Guidelines Logical Model"
    },
    {
      "url" : "http://hl7.org/fhir/ValueSet/filter-operator",
      "version" : "4.0.1",
      "status" : "active",
      "name" : "FilterOperator",
      "title" : "FilterOperator",
      "description" : "The kind of operation to perform as a part of a property based filter.",
      "systems" : ["http://hl7.org/fhir/filter-operator"],
      "oids" : ["2.16.840.1.113883.4.642.3.478"],
      "sources" : ["2.16.840.1.113883.4.642.3.478"],
      "uses" : {
      },
      "StructureDefinition-SGCodeSystem.html" : "SMART Guidelines CodeSystem",
      "StructureDefinition-SGValueSet.html" : "SMART Guidelines ValueSet"
    },
    {
      "url" : "http://hl7.org/fhir/ValueSet/goal-category",
      "version" : "4.0.1",
      "status" : "draft",
      "name" : "GoalCategory",
      "title" : "Goal category",
      "description" : "Example codes for grouping goals to use for filtering or presentation.",
      "systems" : ["http://terminology.hl7.org/CodeSystem/goal-category"],
      "oids" : ["2.16.840.1.113883.4.642.3.275"],
      "sources" : ["2.16.840.1.113883.4.642.3.275"],
      "uses" : {
      },
      "StructureDefinition-SGPlanDefinition.html" : "SMART Guidelines PlanDefinition",
      "StructureDefinition-SGBusinessProcess.html" : "SMART Guidelines Business Process"
    },
    {
      "url" : "http://hl7.org/fhir/ValueSet/goal-priority",
      "version" : "4.0.1",
      "status" : "draft",
      "name" : "GoalPriority",
      "title" : "Goal priority",
      "description" : "Indicates the level of importance associated with reaching or sustaining a goal.",
      "systems" : ["http://terminology.hl7.org/CodeSystem/goal-priority"],
      "oids" : ["2.16.840.1.113883.4.642.3.273"],
      "sources" : ["2.16.840.1.113883.4.642.3.273"],
      "uses" : {
      },
      "StructureDefinition-SGPlanDefinition.html" : "SMART Guidelines PlanDefinition",
      "StructureDefinition-SGBusinessProcess.html" : "SMART Guidelines Business Process"
    },
    {
      "url" : "http://hl7.org/fhir/ValueSet/goal-start-event",
      "version" : "4.0.1",
      "status" : "draft",
      "name" : "GoalStartEvent",
      "title" : "Goal start event",
      "description" : "Identifies types of events that might trigger the start of a goal.",
      "systems" : ["http://snomed.info/sct"],
      "oids" : ["2.16.840.1.113883.4.642.3.279"],
      "sources" : ["2.16.840.1.113883.4.642.3.279"],
      "uses" : {
      },
      "StructureDefinition-SGPlanDefinition.html" : "SMART Guidelines PlanDefinition",
      "StructureDefinition-SGBusinessProcess.html" : "SMART Guidelines Business Process"
    },
    {
      "url" : "http://hl7.org/fhir/ValueSet/group-type",
      "version" : "4.0.1",
      "status" : "draft",
      "name" : "GroupType",
      "title" : "GroupType",
      "description" : "Types of resources that are part of group.",
      "systems" : ["http://hl7.org/fhir/group-type"],
      "oids" : ["2.16.840.1.113883.4.642.3.284"],
      "sources" : ["2.16.840.1.113883.4.642.3.284"],
      "uses" : {
      },
      "StructureDefinition-SGGroupDefinition.html" : "WHO SMART Guidelines Group Definition"
    },
    {
      "url" : "http://hl7.org/fhir/ValueSet/guide-page-generation",
      "version" : "4.0.1",
      "status" : "draft",
      "name" : "GuidePageGeneration",
      "title" : "GuidePageGeneration",
      "description" : "A code that indicates how the page is generated.",
      "systems" : ["http://hl7.org/fhir/guide-page-generation"],
      "oids" : ["2.16.840.1.113883.4.642.3.998"],
      "sources" : ["2.16.840.1.113883.4.642.3.998"],
      "uses" : {
      },
      "StructureDefinition-SGImplementationGuide.html" : "SMART Guidelines ImplementationGuide"
    },
    {
      "url" : "http://hl7.org/fhir/ValueSet/guide-parameter-code",
      "version" : "4.0.1",
      "status" : "draft",
      "name" : "GuideParameterCode",
      "title" : "GuideParameterCode",
      "description" : "Code of parameter that is input to the guide.",
      "systems" : ["http://hl7.org/fhir/guide-parameter-code"],
      "oids" : ["2.16.840.1.113883.4.642.3.996"],
      "sources" : ["2.16.840.1.113883.4.642.3.996"],
      "uses" : {
      },
      "StructureDefinition-SGImplementationGuide.html" : "SMART Guidelines ImplementationGuide"
    },
    {
      "url" : "http://hl7.org/fhir/ValueSet/identifier-type",
      "version" : "4.0.1",
      "status" : "active",
      "name" : "Identifier Type Codes",
      "title" : "IdentifierType",
      "description" : "A coded type for an identifier that can be used to determine which identifier to use for a specific purpose.",
      "systems" : ["http://terminology.hl7.org/CodeSystem/v2-0203"],
      "oids" : ["2.16.840.1.113883.4.642.3.45"],
      "sources" : ["2.16.840.1.113883.4.642.3.45"],
      "uses" : {
      },
      "StructureDefinition-SGGroupDefinition.html" : "WHO SMART Guidelines Group Definition"
    },
    {
      "url" : "http://hl7.org/fhir/ValueSet/identifier-use",
      "version" : "4.0.1",
      "status" : "active",
      "name" : "IdentifierUse",
      "title" : "IdentifierUse",
      "description" : "Identifies the purpose for this identifier, if known .",
      "systems" : ["http://hl7.org/fhir/identifier-use"],
      "oids" : ["2.16.840.1.113883.4.642.3.57"],
      "sources" : ["2.16.840.1.113883.4.642.3.57"],
      "uses" : {
      },
      "StructureDefinition-SGGroupDefinition.html" : "WHO SMART Guidelines Group Definition"
    },
    {
      "url" : "http://hl7.org/fhir/ValueSet/item-type",
      "version" : "4.0.1",
      "status" : "draft",
      "name" : "QuestionnaireItemType",
      "title" : "QuestionnaireItemType",
      "description" : "Distinguishes groups from questions and display text and indicates data type for questions.",
      "systems" : ["http://hl7.org/fhir/item-type"],
      "oids" : ["2.16.840.1.113883.4.642.3.444"],
      "sources" : ["2.16.840.1.113883.4.642.3.444"],
      "uses" : {
      },
      "StructureDefinition-SGQuestionnaire.html" : "SMART Guidelines Questionnaire"
    },
    {
      "url" : "http://hl7.org/fhir/ValueSet/jurisdiction",
      "version" : "4.0.1",
      "status" : "active",
      "name" : "Jurisdiction ValueSet",
      "title" : "Jurisdiction",
      "description" : "This value set defines a base set of codes for country, country subdivision and region    for indicating where a resource is intended to be used.   \r\n   \r\n   Note: The codes for countries and country subdivisions are taken from    [ISO 3166](https://www.iso.org/iso-3166-country-codes.html)    while the codes for \"supra-national\" regions are from    [UN Standard country or area codes for statistical use (M49)](http://unstats.un.org/unsd/methods/m49/m49.htm).",
      "systems" : [
        "http://unstats.un.org/unsd/methods/m49/m49.htm",
        "urn:iso:std:iso:3166",
        "urn:iso:std:iso:3166:-2"
      ],
      "oids" : ["2.16.840.1.113883.4.642.3.48"],
      "sources" : ["2.16.840.1.113883.4.642.3.48"],
      "uses" : {
      },
      "StructureDefinition-SGMeasure.html" : "SMART Guidelines Measure",
      "StructureDefinition-SGLibrary.html" : "SMART Guidelines Library",
      "StructureDefinition-SGCodeSystem.html" : "SMART Guidelines CodeSystem",
      "StructureDefinition-SGQuestionnaire.html" : "SMART Guidelines Questionnaire",
      "StructureDefinition-SGStructureMap.html" : "SMART Guidelines StructureMap",
      "StructureDefinition-SGActivityDefinition.html" : "SMART Guidelines ActivityDefinition",
      "StructureDefinition-SGBusinessProcess.html" : "SMART Guidelines Business Process",
      "StructureDefinition-SGImplementationGuide.html" : "SMART Guidelines ImplementationGuide",
      "StructureDefinition-SGConceptMap.html" : "SMART Guidelines ConceptMap",
      "StructureDefinition-SGPlanDefinition.html" : "SMART Guidelines PlanDefinition",
      "StructureDefinition-SGStructureDefinition.html" : "SMART Guidelines StructureDefinition",
      "StructureDefinition-SGValueSet.html" : "SMART Guidelines ValueSet",
      "StructureDefinition-SGLogicalModel.html" : "SMART Guidelines Logical Model"
    },
    {
      "url" : "http://hl7.org/fhir/ValueSet/languages",
      "version" : "4.0.1",
      "status" : "draft",
      "name" : "CommonLanguages",
      "title" : "Common Languages",
      "description" : "This value set includes common codes from BCP-47 (http://tools.ietf.org/html/bcp47)",
      "systems" : ["urn:ietf:bcp:47"],
      "oids" : ["2.16.840.1.113883.4.642.3.20"],
      "sources" : ["2.16.840.1.113883.4.642.3.20"],
      "uses" : {
      },
      "StructureDefinition-SGMeasure.html" : "SMART Guidelines Measure",
      "StructureDefinition-SGLibrary.html" : "SMART Guidelines Library",
      "StructureDefinition-SGGroupDefinition.html" : "WHO SMART Guidelines Group Definition",
      "StructureDefinition-SGCodeSystem.html" : "SMART Guidelines CodeSystem",
      "StructureDefinition-SGQuestionnaire.html" : "SMART Guidelines Questionnaire",
      "StructureDefinition-SGStructureMap.html" : "SMART Guidelines StructureMap",
      "StructureDefinition-SGActivityDefinition.html" : "SMART Guidelines ActivityDefinition",
      "StructureDefinition-SGBusinessProcess.html" : "SMART Guidelines Business Process",
      "StructureDefinition-SGImplementationGuide.html" : "SMART Guidelines ImplementationGuide",
      "StructureDefinition-SGConceptMap.html" : "SMART Guidelines ConceptMap",
      "StructureDefinition-SGPlanDefinition.html" : "SMART Guidelines PlanDefinition",
      "StructureDefinition-SGStructureDefinition.html" : "SMART Guidelines StructureDefinition",
      "StructureDefinition-SGValueSet.html" : "SMART Guidelines ValueSet",
      "StructureDefinition-SGLogicalModel.html" : "SMART Guidelines Logical Model"
    },
    {
      "url" : "http://hl7.org/fhir/ValueSet/library-type",
      "version" : "4.0.1",
      "status" : "draft",
      "name" : "LibraryType",
      "title" : "LibraryType",
      "description" : "The type of knowledge asset this library contains.",
      "systems" : ["http://terminology.hl7.org/CodeSystem/library-type"],
      "oids" : ["2.16.840.1.113883.4.642.3.763"],
      "sources" : ["2.16.840.1.113883.4.642.3.763"],
      "uses" : {
      },
      "StructureDefinition-SGLibrary.html" : "SMART Guidelines Library"
    },
    {
      "url" : "http://hl7.org/fhir/ValueSet/map-context-type",
      "version" : "4.0.1",
      "status" : "draft",
      "name" : "StructureMapContextType",
      "title" : "StructureMapContextType",
      "description" : "How to interpret the context.",
      "systems" : ["http://hl7.org/fhir/map-context-type"],
      "oids" : ["2.16.840.1.113883.4.642.3.679"],
      "sources" : ["2.16.840.1.113883.4.642.3.679"],
      "uses" : {
      },
      "StructureDefinition-SGStructureMap.html" : "SMART Guidelines StructureMap"
    },
    {
      "url" : "http://hl7.org/fhir/ValueSet/map-group-type-mode",
      "version" : "4.0.1",
      "status" : "draft",
      "name" : "StructureMapGroupTypeMode",
      "title" : "StructureMapGroupTypeMode",
      "description" : "If this is the default rule set to apply for the source type, or this combination of types.",
      "systems" : ["http://hl7.org/fhir/map-group-type-mode"],
      "oids" : ["2.16.840.1.113883.4.642.3.687"],
      "sources" : ["2.16.840.1.113883.4.642.3.687"],
      "uses" : {
      },
      "StructureDefinition-SGStructureMap.html" : "SMART Guidelines StructureMap"
    },
    {
      "url" : "http://hl7.org/fhir/ValueSet/map-input-mode",
      "version" : "4.0.1",
      "status" : "draft",
      "name" : "StructureMapInputMode",
      "title" : "StructureMapInputMode",
      "description" : "Mode for this instance of data.",
      "systems" : ["http://hl7.org/fhir/map-input-mode"],
      "oids" : ["2.16.840.1.113883.4.642.3.677"],
      "sources" : ["2.16.840.1.113883.4.642.3.677"],
      "uses" : {
      },
      "StructureDefinition-SGStructureMap.html" : "SMART Guidelines StructureMap"
    },
    {
      "url" : "http://hl7.org/fhir/ValueSet/map-model-mode",
      "version" : "4.0.1",
      "status" : "draft",
      "name" : "StructureMapModelMode",
      "title" : "StructureMapModelMode",
      "description" : "How the referenced structure is used in this mapping.",
      "systems" : ["http://hl7.org/fhir/map-model-mode"],
      "oids" : ["2.16.840.1.113883.4.642.3.675"],
      "sources" : ["2.16.840.1.113883.4.642.3.675"],
      "uses" : {
      },
      "StructureDefinition-SGStructureMap.html" : "SMART Guidelines StructureMap"
    },
    {
      "url" : "http://hl7.org/fhir/ValueSet/map-source-list-mode",
      "version" : "4.0.1",
      "status" : "draft",
      "name" : "StructureMapSourceListMode",
      "title" : "StructureMapSourceListMode",
      "description" : "If field is a list, how to manage the source.",
      "systems" : ["http://hl7.org/fhir/map-source-list-mode"],
      "oids" : ["2.16.840.1.113883.4.642.3.683"],
      "sources" : ["2.16.840.1.113883.4.642.3.683"],
      "uses" : {
      },
      "StructureDefinition-SGStructureMap.html" : "SMART Guidelines StructureMap"
    },
    {
      "url" : "http://hl7.org/fhir/ValueSet/map-target-list-mode",
      "version" : "4.0.1",
      "status" : "draft",
      "name" : "StructureMapTargetListMode",
      "title" : "StructureMapTargetListMode",
      "description" : "If field is a list, how to manage the production.",
      "systems" : ["http://hl7.org/fhir/map-target-list-mode"],
      "oids" : ["2.16.840.1.113883.4.642.3.685"],
      "sources" : ["2.16.840.1.113883.4.642.3.685"],
      "uses" : {
      },
      "StructureDefinition-SGStructureMap.html" : "SMART Guidelines StructureMap"
    },
    {
      "url" : "http://hl7.org/fhir/ValueSet/map-transform",
      "version" : "4.0.1",
      "status" : "draft",
      "name" : "StructureMapTransform",
      "title" : "StructureMapTransform",
      "description" : "How data is copied/created.",
      "systems" : ["http://hl7.org/fhir/map-transform"],
      "oids" : ["2.16.840.1.113883.4.642.3.681"],
      "sources" : ["2.16.840.1.113883.4.642.3.681"],
      "uses" : {
      },
      "StructureDefinition-SGStructureMap.html" : "SMART Guidelines StructureMap"
    },
    {
      "url" : "http://hl7.org/fhir/ValueSet/measure-data-usage",
      "version" : "4.0.1",
      "status" : "draft",
      "name" : "MeasureDataUsage",
      "title" : "MeasureDataUsage",
      "description" : "The intended usage for supplemental data elements in the measure.",
      "systems" : ["http://terminology.hl7.org/CodeSystem/measure-data-usage"],
      "oids" : ["2.16.840.1.113883.4.642.3.771"],
      "sources" : ["2.16.840.1.113883.4.642.3.771"],
      "uses" : {
      },
      "StructureDefinition-SGMeasure.html" : "SMART Guidelines Measure"
    },
    {
      "url" : "http://hl7.org/fhir/ValueSet/measure-improvement-notation",
      "version" : "4.0.1",
      "status" : "draft",
      "name" : "MeasureImprovementNotation",
      "title" : "MeasureImprovementNotation",
      "description" : "Observation values that indicate what change in a measurement value or score is indicative of an improvement in the measured item or scored issue.",
      "systems" : [
        "http://terminology.hl7.org/CodeSystem/measure-improvement-notation"
      ],
      "oids" : ["2.16.840.1.113883.4.642.3.1236"],
      "sources" : ["2.16.840.1.113883.4.642.3.1236"],
      "uses" : {
      },
      "StructureDefinition-SGMeasure.html" : "SMART Guidelines Measure"
    },
    {
      "url" : "http://hl7.org/fhir/ValueSet/measure-population",
      "version" : "4.0.1",
      "status" : "draft",
      "name" : "MeasurePopulationType",
      "title" : "MeasurePopulationType",
      "description" : "The type of population.",
      "systems" : ["http://terminology.hl7.org/CodeSystem/measure-population"],
      "oids" : ["2.16.840.1.113883.4.642.3.765"],
      "sources" : ["2.16.840.1.113883.4.642.3.765"],
      "uses" : {
      },
      "StructureDefinition-SGMeasure.html" : "SMART Guidelines Measure"
    },
    {
      "url" : "http://hl7.org/fhir/ValueSet/measure-scoring",
      "version" : "4.0.1",
      "status" : "draft",
      "name" : "MeasureScoring",
      "title" : "MeasureScoring",
      "description" : "The scoring type of the measure.",
      "systems" : ["http://terminology.hl7.org/CodeSystem/measure-scoring"],
      "oids" : ["2.16.840.1.113883.4.642.3.767"],
      "sources" : ["2.16.840.1.113883.4.642.3.767"],
      "uses" : {
      },
      "StructureDefinition-SGMeasure.html" : "SMART Guidelines Measure"
    },
    {
      "url" : "http://hl7.org/fhir/ValueSet/measure-type",
      "version" : "4.0.1",
      "status" : "draft",
      "name" : "MeasureType",
      "title" : "MeasureType",
      "description" : "The type of measure (includes codes from 2.16.840.1.113883.1.11.20368).",
      "systems" : ["http://terminology.hl7.org/CodeSystem/measure-type"],
      "oids" : ["2.16.840.1.113883.4.642.3.769"],
      "sources" : ["2.16.840.1.113883.4.642.3.769"],
      "uses" : {
      },
      "StructureDefinition-SGMeasure.html" : "SMART Guidelines Measure"
    },
    {
      "url" : "http://hl7.org/fhir/ValueSet/medication-codes",
      "version" : "4.0.1",
      "status" : "draft",
      "name" : "SNOMEDCTMedicationCodes",
      "title" : "SNOMED CT Medication Codes",
      "description" : "This value set includes all drug or medicament substance codes and all pharmaceutical/biologic products from SNOMED CT - provided as an exemplar value set.",
      "systems" : ["http://snomed.info/sct"],
      "oids" : ["2.16.840.1.113883.4.642.3.375"],
      "sources" : ["2.16.840.1.113883.4.642.3.375"],
      "uses" : {
      },
      "StructureDefinition-SGActivityDefinition.html" : "SMART Guidelines ActivityDefinition"
    },
    {
      "url" : "http://hl7.org/fhir/ValueSet/mimetypes",
      "version" : "4.0.1",
      "status" : "active",
      "name" : "Mime Types",
      "title" : "MimeType",
      "description" : "This value set includes all possible codes from BCP-13 (http://tools.ietf.org/html/bcp13)",
      "systems" : ["urn:ietf:bcp:13"],
      "oids" : ["2.16.840.1.113883.4.642.3.1024"],
      "sources" : ["2.16.840.1.113883.4.642.3.1024"],
      "uses" : {
      },
      "StructureDefinition-SGLogicalModel.html" : "SMART Guidelines Logical Model"
    },
    {
      "url" : "http://hl7.org/fhir/ValueSet/observation-codes",
      "version" : "4.0.1",
      "status" : "draft",
      "name" : "LOINCCodes",
      "title" : "LOINC Codes",
      "description" : "This value set includes all LOINC codes",
      "systems" : ["http://loinc.org"],
      "oids" : ["2.16.840.1.113883.4.642.3.396"],
      "sources" : ["2.16.840.1.113883.4.642.3.396"],
      "uses" : {
      },
      "StructureDefinition-SGPlanDefinition.html" : "SMART Guidelines PlanDefinition",
      "StructureDefinition-SGBusinessProcess.html" : "SMART Guidelines Business Process",
      "StructureDefinition-SGLogicalModel.html" : "SMART Guidelines Logical Model"
    },
    {
      "url" : "http://hl7.org/fhir/ValueSet/plan-definition-type",
      "version" : "4.0.1",
      "status" : "draft",
      "name" : "PlanDefinitionType",
      "title" : "PlanDefinitionType",
      "description" : "The type of PlanDefinition.",
      "systems" : ["http://terminology.hl7.org/CodeSystem/plan-definition-type"],
      "oids" : ["2.16.840.1.113883.4.642.3.797"],
      "sources" : ["2.16.840.1.113883.4.642.3.797"],
      "uses" : {
      },
      "StructureDefinition-SGPlanDefinition.html" : "SMART Guidelines PlanDefinition",
      "StructureDefinition-SGBusinessProcess.html" : "SMART Guidelines Business Process"
    },
    {
      "url" : "http://hl7.org/fhir/ValueSet/procedure-code",
      "version" : "4.0.1",
      "status" : "draft",
      "name" : "ProcedureCodes(SNOMEDCT)",
      "title" : "Procedure Codes (SNOMED CT)",
      "description" : "Procedure Code: All SNOMED CT procedure codes.",
      "systems" : ["http://snomed.info/sct"],
      "oids" : ["2.16.840.1.113883.4.642.3.427"],
      "sources" : ["2.16.840.1.113883.4.642.3.427"],
      "uses" : {
      },
      "StructureDefinition-SGActivityDefinition.html" : "SMART Guidelines ActivityDefinition"
    },
    {
      "url" : "http://hl7.org/fhir/ValueSet/property-representation",
      "version" : "4.0.1",
      "status" : "active",
      "name" : "PropertyRepresentation",
      "title" : "PropertyRepresentation",
      "description" : "How a property is represented when serialized.",
      "systems" : ["http://hl7.org/fhir/property-representation"],
      "oids" : ["2.16.840.1.113883.4.642.3.87"],
      "sources" : ["2.16.840.1.113883.4.642.3.87"],
      "uses" : {
      },
      "StructureDefinition-SGLogicalModel.html" : "SMART Guidelines Logical Model"
    },
    {
      "url" : "http://hl7.org/fhir/ValueSet/publication-status",
      "version" : "4.0.1",
      "status" : "active",
      "name" : "PublicationStatus",
      "title" : "PublicationStatus",
      "description" : "The lifecycle status of an artifact.",
      "systems" : ["http://hl7.org/fhir/publication-status"],
      "oids" : ["2.16.840.1.113883.4.642.3.3"],
      "sources" : ["2.16.840.1.113883.4.642.3.3"],
      "uses" : {
      },
      "StructureDefinition-SGMeasure.html" : "SMART Guidelines Measure",
      "StructureDefinition-SGLibrary.html" : "SMART Guidelines Library",
      "StructureDefinition-SGCodeSystem.html" : "SMART Guidelines CodeSystem",
      "StructureDefinition-SGQuestionnaire.html" : "SMART Guidelines Questionnaire",
      "StructureDefinition-SGStructureMap.html" : "SMART Guidelines StructureMap",
      "StructureDefinition-SGActivityDefinition.html" : "SMART Guidelines ActivityDefinition",
      "StructureDefinition-SGBusinessProcess.html" : "SMART Guidelines Business Process",
      "StructureDefinition-SGImplementationGuide.html" : "SMART Guidelines ImplementationGuide",
      "StructureDefinition-SGConceptMap.html" : "SMART Guidelines ConceptMap",
      "StructureDefinition-SGPlanDefinition.html" : "SMART Guidelines PlanDefinition",
      "StructureDefinition-SGStructureDefinition.html" : "SMART Guidelines StructureDefinition",
      "StructureDefinition-SGValueSet.html" : "SMART Guidelines ValueSet",
      "StructureDefinition-SGLogicalModel.html" : "SMART Guidelines Logical Model"
    },
    {
      "url" : "http://hl7.org/fhir/ValueSet/questionnaire-answers",
      "version" : "4.0.1",
      "status" : "draft",
      "name" : "QuestionnaireAnswerCodes",
      "title" : "Questionnaire Answer Codes",
      "description" : "Example list of codes for answers to questions. (Not complete or necessarily appropriate.)",
      "systems" : ["http://snomed.info/sct"],
      "oids" : ["2.16.840.1.113883.4.642.3.446"],
      "sources" : ["2.16.840.1.113883.4.642.3.446"],
      "uses" : {
      },
      "StructureDefinition-SGQuestionnaire.html" : "SMART Guidelines Questionnaire"
    },
    {
      "url" : "http://hl7.org/fhir/ValueSet/questionnaire-enable-behavior",
      "version" : "4.0.1",
      "status" : "draft",
      "name" : "EnableWhenBehavior",
      "title" : "EnableWhenBehavior",
      "description" : "Controls how multiple enableWhen values are interpreted -  whether all or any must be true.",
      "systems" : ["http://hl7.org/fhir/questionnaire-enable-behavior"],
      "oids" : ["2.16.840.1.113883.4.642.3.1007"],
      "sources" : ["2.16.840.1.113883.4.642.3.1007"],
      "uses" : {
      },
      "StructureDefinition-SGQuestionnaire.html" : "SMART Guidelines Questionnaire"
    },
    {
      "url" : "http://hl7.org/fhir/ValueSet/questionnaire-enable-operator",
      "version" : "4.0.1",
      "status" : "draft",
      "name" : "QuestionnaireItemOperator",
      "title" : "QuestionnaireItemOperator",
      "description" : "The criteria by which a question is enabled.",
      "systems" : ["http://hl7.org/fhir/questionnaire-enable-operator"],
      "oids" : ["2.16.840.1.113883.4.642.3.1005"],
      "sources" : ["2.16.840.1.113883.4.642.3.1005"],
      "uses" : {
      },
      "StructureDefinition-SGQuestionnaire.html" : "SMART Guidelines Questionnaire"
    },
    {
      "url" : "http://hl7.org/fhir/ValueSet/questionnaire-questions",
      "version" : "4.0.1",
      "status" : "draft",
      "name" : "QuestionnaireQuestionCodes",
      "title" : "Questionnaire Question Codes",
      "description" : "Example list of codes for questions and groups of questions. (Not necessarily complete or appropriate.)",
      "systems" : ["http://loinc.org"],
      "oids" : ["2.16.840.1.113883.4.642.3.443"],
      "sources" : ["2.16.840.1.113883.4.642.3.443"],
      "uses" : {
      },
      "StructureDefinition-SGQuestionnaire.html" : "SMART Guidelines Questionnaire"
    },
    {
      "url" : "http://hl7.org/fhir/ValueSet/reference-version-rules",
      "version" : "4.0.1",
      "status" : "active",
      "name" : "ReferenceVersionRules",
      "title" : "ReferenceVersionRules",
      "description" : "Whether a reference needs to be version specific or version independent, or whether either can be used.",
      "systems" : ["http://hl7.org/fhir/reference-version-rules"],
      "oids" : ["2.16.840.1.113883.4.642.3.89"],
      "sources" : ["2.16.840.1.113883.4.642.3.89"],
      "uses" : {
      },
      "StructureDefinition-SGLogicalModel.html" : "SMART Guidelines Logical Model"
    },
    {
      "url" : "http://hl7.org/fhir/ValueSet/request-intent",
      "version" : "4.0.1",
      "status" : "draft",
      "name" : "RequestIntent",
      "title" : "RequestIntent",
      "description" : "Codes indicating the degree of authority/intentionality associated with a request.",
      "systems" : ["http://hl7.org/fhir/request-intent"],
      "oids" : ["2.16.840.1.113883.4.642.3.113"],
      "sources" : ["2.16.840.1.113883.4.642.3.113"],
      "uses" : {
      },
      "StructureDefinition-SGActivityDefinition.html" : "SMART Guidelines ActivityDefinition"
    },
    {
      "url" : "http://hl7.org/fhir/ValueSet/request-priority",
      "version" : "4.0.1",
      "status" : "draft",
      "name" : "RequestPriority",
      "title" : "Request priority",
      "description" : "The clinical priority of a diagnostic order.",
      "systems" : ["http://hl7.org/fhir/request-priority"],
      "oids" : ["2.16.840.1.113883.4.642.3.115"],
      "sources" : ["2.16.840.1.113883.4.642.3.115"],
      "uses" : {
      },
      "StructureDefinition-SGPlanDefinition.html" : "SMART Guidelines PlanDefinition",
      "StructureDefinition-SGActivityDefinition.html" : "SMART Guidelines ActivityDefinition",
      "StructureDefinition-SGBusinessProcess.html" : "SMART Guidelines Business Process"
    },
    {
      "url" : "http://hl7.org/fhir/ValueSet/request-resource-types",
      "version" : "4.0.1",
      "status" : "draft",
      "name" : "RequestResourceType",
      "title" : "RequestResourceType",
      "description" : "A list of all the request resource types defined in this version of the FHIR specification.",
      "systems" : ["http://hl7.org/fhir/request-resource-types"],
      "oids" : ["2.16.840.1.113883.4.642.3.1058"],
      "sources" : ["2.16.840.1.113883.4.642.3.1058"],
      "uses" : {
      },
      "StructureDefinition-SGActivityDefinition.html" : "SMART Guidelines ActivityDefinition"
    },
    {
      "url" : "http://hl7.org/fhir/ValueSet/resource-aggregation-mode",
      "version" : "4.0.1",
      "status" : "active",
      "name" : "AggregationMode",
      "title" : "AggregationMode",
      "description" : "How resource references can be aggregated.",
      "systems" : ["http://hl7.org/fhir/resource-aggregation-mode"],
      "oids" : ["2.16.840.1.113883.4.642.3.85"],
      "sources" : ["2.16.840.1.113883.4.642.3.85"],
      "uses" : {
      },
      "StructureDefinition-SGLogicalModel.html" : "SMART Guidelines Logical Model"
    },
    {
      "url" : "http://hl7.org/fhir/ValueSet/resource-slicing-rules",
      "version" : "4.0.1",
      "status" : "active",
      "name" : "SlicingRules",
      "title" : "SlicingRules",
      "description" : "How slices are interpreted when evaluating an instance.",
      "systems" : ["http://hl7.org/fhir/resource-slicing-rules"],
      "oids" : ["2.16.840.1.113883.4.642.3.83"],
      "sources" : ["2.16.840.1.113883.4.642.3.83"],
      "uses" : {
      },
      "StructureDefinition-SGLogicalModel.html" : "SMART Guidelines Logical Model"
    },
    {
      "url" : "http://hl7.org/fhir/ValueSet/resource-types",
      "version" : "4.0.1",
      "status" : "active",
      "name" : "ResourceType",
      "title" : "ResourceType",
      "description" : "One of the resource types defined as part of this version of FHIR.",
      "systems" : ["http://hl7.org/fhir/resource-types"],
      "oids" : ["2.16.840.1.113883.4.642.3.27"],
      "sources" : ["2.16.840.1.113883.4.642.3.27"],
      "uses" : {
      },
      "StructureDefinition-SGGroupDefinition.html" : "WHO SMART Guidelines Group Definition",
      "StructureDefinition-SGQuestionnaire.html" : "SMART Guidelines Questionnaire",
      "StructureDefinition-SGActivityDefinition.html" : "SMART Guidelines ActivityDefinition",
      "StructureDefinition-SGImplementationGuide.html" : "SMART Guidelines ImplementationGuide"
    },
    {
      "url" : "http://hl7.org/fhir/ValueSet/spdx-license",
      "version" : "4.0.1",
      "status" : "draft",
      "name" : "SPDXLicense",
      "title" : "SPDXLicense",
      "description" : "The license that applies to an Implementation Guide (using an SPDX license Identifiers, or 'not-open-source'). The binding is required but new SPDX license Identifiers are allowed to be used (https://spdx.org/licenses/).",
      "systems" : ["http://hl7.org/fhir/spdx-license"],
      "oids" : ["2.16.840.1.113883.4.642.3.1026"],
      "sources" : ["2.16.840.1.113883.4.642.3.1026"],
      "uses" : {
      },
      "StructureDefinition-SGImplementationGuide.html" : "SMART Guidelines ImplementationGuide"
    },
    {
      "url" : "http://hl7.org/fhir/ValueSet/structure-definition-kind",
      "version" : "4.0.1",
      "status" : "active",
      "name" : "StructureDefinitionKind",
      "title" : "StructureDefinitionKind",
      "description" : "Defines the type of structure that a definition is describing.",
      "systems" : ["http://hl7.org/fhir/structure-definition-kind"],
      "oids" : ["2.16.840.1.113883.4.642.3.668"],
      "sources" : ["2.16.840.1.113883.4.642.3.668"],
      "uses" : {
      },
      "StructureDefinition-SGStructureDefinition.html" : "SMART Guidelines StructureDefinition",
      "StructureDefinition-SGLogicalModel.html" : "SMART Guidelines Logical Model"
    },
    {
      "url" : "http://hl7.org/fhir/ValueSet/subject-type",
      "version" : "4.0.1",
      "status" : "draft",
      "name" : "SubjectType",
      "title" : "Subject type",
      "description" : "Possible types of subjects.",
      "systems" : ["http://hl7.org/fhir/resource-types"],
      "oids" : ["2.16.840.1.113883.4.642.3.775"],
      "sources" : ["2.16.840.1.113883.4.642.3.775"],
      "uses" : {
      },
      "StructureDefinition-SGMeasure.html" : "SMART Guidelines Measure",
      "StructureDefinition-SGLibrary.html" : "SMART Guidelines Library",
      "StructureDefinition-SGPlanDefinition.html" : "SMART Guidelines PlanDefinition",
      "StructureDefinition-SGActivityDefinition.html" : "SMART Guidelines ActivityDefinition",
      "StructureDefinition-SGBusinessProcess.html" : "SMART Guidelines Business Process"
    },
    {
      "url" : "http://hl7.org/fhir/ValueSet/type-derivation-rule",
      "version" : "4.0.1",
      "status" : "active",
      "name" : "TypeDerivationRule",
      "title" : "TypeDerivationRule",
      "description" : "How a type relates to its baseDefinition.",
      "systems" : ["http://hl7.org/fhir/type-derivation-rule"],
      "oids" : ["2.16.840.1.113883.4.642.3.673"],
      "sources" : ["2.16.840.1.113883.4.642.3.673"],
      "uses" : {
      },
      "StructureDefinition-SGStructureDefinition.html" : "SMART Guidelines StructureDefinition",
      "StructureDefinition-SGLogicalModel.html" : "SMART Guidelines Logical Model"
    }
  ]
}
