<?xml version="1.0" encoding="UTF-8"?><CodeSystem xmlns="http://hl7.org/fhir"><id value="anc-care-codes"/><text><status value="generated"/><div xmlns="http://www.w3.org/1999/xhtml"><p class="res-header-id"><b>Generated Narrative: CodeSystem anc-care-codes</b></p><a name="anc-care-codes"> </a><a name="hcanc-care-codes"> </a><p>This case-sensitive code system <code>http://smart.who.int/anc/CodeSystem/anc-care-codes</code> defines the following codes:</p><table class="codes"><tr><td style="white-space:nowrap"><b>Code</b></td><td><b>Display</b></td><td><b>Definition</b></td></tr><tr><td style="white-space:nowrap">ANC.Case<a name="anc-care-codes-ANC.46Case"> </a></td><td>Antenatal care case</td><td>An episode of antenatal care related to a single pregnancy</td></tr><tr><td style="white-space:nowrap">ANC.Contact<a name="anc-care-codes-ANC.46Contact"> </a></td><td>Antenatal care contact</td><td>An initial or planned contact occurring as part of antenatal care</td></tr><tr><td style="white-space:nowrap">ANC.Pregnancy<a name="anc-care-codes-ANC.46Pregnancy"> </a></td><td>Pregnancy condition</td><td>The condition of pregnancy, suspected or confirmed</td></tr><tr><td style="white-space:nowrap">ANC.IronSupplement<a name="anc-care-codes-ANC.46IronSupplement"> </a></td><td>Iron supplement</td><td>Iron supplement prescribed as part of antenatal care</td></tr><tr><td style="white-space:nowrap">ANC.FolicAcidSupplement<a name="anc-care-codes-ANC.46FolicAcidSupplement"> </a></td><td>Folic acid supplement</td><td>Folic acid supplement prescribed as part of antenatal care</td></tr></table></div></text><url value="http://smart.who.int/anc/CodeSystem/anc-care-codes"/><version value="0.3.0"/><name value="ANCCareCodes"/><title value="ANC Care Codes"/><status value="draft"/><experimental value="false"/><date value="2025-07-10T11:54:36+02:00"/><publisher value="World Health Organization (WHO)"/><contact><telecom><system value="url"/><value value="https://www.who.int"/></telecom></contact><description value="Care codes are high-level codes used to identify types and categories of care for use in encounters, episodes, and care categories throughout Antenatal care guideline computable content."/><jurisdiction><coding><system value="http://unstats.un.org/unsd/methods/m49/m49.htm"/><code value="001"/></coding></jurisdiction><caseSensitive value="true"/><valueSet value="http://smart.who.int/anc/ValueSet/anc-care-codes"/><content value="complete"/><concept><code value="ANC.Case"/><display value="Antenatal care case"/><definition value="An episode of antenatal care related to a single pregnancy"/><designation><use><system value="http://terminology.hl7.org/CodeSystem/designation-usage"/><code value="display"/></use><value value="Antenatal care case"/></designation></concept><concept><code value="ANC.Contact"/><display value="Antenatal care contact"/><definition value="An initial or planned contact occurring as part of antenatal care"/><designation><use><system value="http://terminology.hl7.org/CodeSystem/designation-usage"/><code value="display"/></use><value value="Antenatal care contact"/></designation></concept><concept><code value="ANC.Pregnancy"/><display value="Pregnancy condition"/><definition value="The condition of pregnancy, suspected or confirmed"/><designation><use><system value="http://terminology.hl7.org/CodeSystem/designation-usage"/><code value="display"/></use><value value="Pregnancy condition"/></designation></concept><concept><code value="ANC.IronSupplement"/><display value="Iron supplement"/><definition value="Iron supplement prescribed as part of antenatal care"/><designation><use><system value="http://terminology.hl7.org/CodeSystem/designation-usage"/><code value="display"/></use><value value="Iron supplement"/></designation></concept><concept><code value="ANC.FolicAcidSupplement"/><display value="Folic acid supplement"/><definition value="Folic acid supplement prescribed as part of antenatal care"/><designation><use><system value="http://terminology.hl7.org/CodeSystem/designation-usage"/><code value="display"/></use><value value="Folic acid supplement"/></designation></concept></CodeSystem>