<?xml version="1.0" encoding="UTF-8"?><PlanDefinition xmlns="http://hl7.org/fhir"><id value="ANCDT10"/><contained><Library><id value="effective-data-requirements"/><name value="EffectiveDataRequirements"/><status value="active"/><type><coding><system value="http://terminology.hl7.org/CodeSystem/library-type"/><code value="module-definition"/></coding></type><relatedArtifact><type value="depends-on"/><display value="Library Config"/><resource value="http://smart.who.int/anc/Library/ANCConfig"/></relatedArtifact><relatedArtifact><type value="depends-on"/><display value="Library BaseDataElements"/><resource value="http://smart.who.int/anc/Library/ANCBaseDataElements"/></relatedArtifact><relatedArtifact><type value="depends-on"/><display value="Library AC"/><resource value="http://smart.who.int/anc/Library/ANCCommon"/></relatedArtifact><relatedArtifact><type value="depends-on"/><display value="Library FHIRHelpers"/><resource value="http://smart.who.int/anc/Library/FHIRHelpers|4.0.1"/></relatedArtifact><relatedArtifact><type value="depends-on"/><display value="Library Cx"/><resource value="http://smart.who.int/anc/Library/ANCConcepts"/></relatedArtifact><relatedArtifact><type value="depends-on"/><display value="Library ContactData"/><resource value="http://smart.who.int/anc/Library/ANCContactDataElements"/></relatedArtifact><relatedArtifact><type value="depends-on"/><display value="Library WC"/><resource value="http://smart.who.int/anc/Library/WHOCommon"/></relatedArtifact><relatedArtifact><type value="depends-on"/><display value="Value set Occupation - Informal employment (other) Choices"/><resource value="http://smart.who.int/anc/ValueSet/anc-b6-de12"/></relatedArtifact><relatedArtifact><type value="depends-on"/><display value="Value set Current alcohol and/or other substance use"/><resource value="http://smart.who.int/anc/ValueSet/anc-b6-de146"/></relatedArtifact><relatedArtifact><type value="depends-on"/><display value="Value set Current alcohol and/or other substance use - Injectable drugs Choices"/><resource value="http://smart.who.int/anc/ValueSet/anc-b6-de150"/></relatedArtifact><relatedArtifact><type value="depends-on"/><display value="Value set HIV status"/><resource value="http://smart.who.int/anc/ValueSet/anc-b9-de45"/></relatedArtifact><relatedArtifact><type value="depends-on"/><display value="Value set HIV status - HIV positive Choices"/><resource value="http://smart.who.int/anc/ValueSet/anc-b9-de46"/></relatedArtifact><parameter><name value="encounter"/><use value="in"/><min value="0"/><max value="1"/><type value="string"/></parameter><parameter><name value="Should Conduct hepatitis C test"/><use value="out"/><min value="0"/><max value="1"/><type value="boolean"/></parameter><parameter><name value="Should Conduct hepatitis C test 4"/><use value="out"/><min value="0"/><max value="1"/><type value="boolean"/></parameter><parameter><name value="Should Conduct hepatitis C test 3"/><use value="out"/><min value="0"/><max value="1"/><type value="boolean"/></parameter><parameter><name value="Should Conduct hepatitis C test 2"/><use value="out"/><min value="0"/><max value="1"/><type value="boolean"/></parameter><dataRequirement><type value="Patient"/><profile value="http://hl7.org/fhir/StructureDefinition/Patient"/></dataRequirement><dataRequirement><type value="Observation"/><profile value="http://hl7.org/fhir/StructureDefinition/Observation"/><mustSupport value="code"/><mustSupport value="status"/><mustSupport value="encounter"/><mustSupport value="encounter.reference"/><mustSupport value="value"/><codeFilter><path value="code"/><valueSet value="http://smart.who.int/anc/ValueSet/anc-b6-de146"/></codeFilter></dataRequirement><dataRequirement><type value="Observation"/><profile value="http://hl7.org/fhir/StructureDefinition/Observation"/><mustSupport value="code"/><mustSupport value="status"/><mustSupport value="encounter"/><mustSupport value="encounter.reference"/><codeFilter><path value="code"/><valueSet value="http://smart.who.int/anc/ValueSet/anc-b9-de45"/></codeFilter></dataRequirement></Library></contained><extension url="http://hl7.org/fhir/StructureDefinition/cqf-logicDefinition"><extension url="libraryName"><valueString value="ANCConfig"/></extension><extension url="name"><valueString value="Population prevalence of hepatitis C"/></extension><extension url="statement"><valueString value="/*&#xA;  Description: The proportion of hepatitis C virus (HCV) antibody&#xA;    seroprevalance in the general population&#xA;*/&#xA;define &quot;Population prevalence of hepatitis C&quot;:&#xA;  3 '%'"/></extension><extension url="displaySequence"><valueInteger value="0"/></extension></extension><extension url="http://hl7.org/fhir/StructureDefinition/cqf-logicDefinition"><extension url="libraryName"><valueString value="ANCDT10"/></extension><extension url="name"><valueString value="Should Conduct hepatitis C test"/></extension><extension url="statement"><valueString value="/*&#xA;&quot;Population prevalence of hepatitis C&quot; ≥ 2%&#xA;*/&#xA;define &quot;Should Conduct hepatitis C test&quot;:&#xA;  Config.&quot;Population prevalence of hepatitis C&quot; &gt;= 2 '%'"/></extension><extension url="displaySequence"><valueInteger value="1"/></extension></extension><extension url="http://hl7.org/fhir/StructureDefinition/cqf-logicDefinition"><extension url="libraryName"><valueString value="ANCBaseDataElements"/></extension><extension url="name"><valueString value="Patient Occupation"/></extension><extension url="statement"><valueString value="/*&#xA;@description: The patient's occupation&#xA;*/&#xA;define &quot;Patient Occupation&quot;:&#xA;  [Patient] P&#xA;    return (AC.Extension(P, 'occupation')).value as CodeableConcept"/></extension><extension url="displaySequence"><valueInteger value="2"/></extension></extension><extension url="http://hl7.org/fhir/StructureDefinition/cqf-logicDefinition"><extension url="libraryName"><valueString value="ANCDT10"/></extension><extension url="name"><valueString value="Should Conduct hepatitis C test 4"/></extension><extension url="statement"><valueString value="/*&#xA;&quot;Occupation&quot; = &quot;Informal employment (sex worker)&quot;&#xA;*/&#xA;define &quot;Should Conduct hepatitis C test 4&quot;:&#xA;  BaseDataElements.&quot;Patient Occupation&quot; in Cx.&quot;Occupation - Informal employment (other) Choices&quot;"/></extension><extension url="displaySequence"><valueInteger value="3"/></extension></extension><extension url="http://hl7.org/fhir/StructureDefinition/cqf-logicDefinition"><extension url="libraryName"><valueString value="ANCContactDataElements"/></extension><extension url="name"><valueString value="Current alcohol and/or other substance use"/></extension><extension url="statement"><valueString value="/*&#xA;  @dataElement: ANC.B6.DE146 Current alcohol and/or other substance use&#xA;  @activity: ANC.B6 Profile&#xA;  @description: Whether or not the woman currently consumes any alcohol or substances&#xA;*/&#xA;define &quot;Current alcohol and/or other substance use&quot;:&#xA;  [Observation: Cx.&quot;Current alcohol and/or other substance use&quot;] O&#xA;    where O.status in { 'final', 'amended', 'corrected' }&#xA;      and Coalesce(WC.ModifierExtension(O, 'who-notDone').value, false) is false&#xA;      and Last(Split(O.encounter.reference, '/')) = Last(Split(encounter, '/'))&#xA;    return O.value as FHIR.CodeableConcept"/></extension><extension url="displaySequence"><valueInteger value="4"/></extension></extension><extension url="http://hl7.org/fhir/StructureDefinition/cqf-logicDefinition"><extension url="libraryName"><valueString value="ANCDT10"/></extension><extension url="name"><valueString value="Should Conduct hepatitis C test 3"/></extension><extension url="statement"><valueString value="/*&#xA;&quot;Current alcohol and/or other substance use&quot; = &quot;Injectable drugs&quot;&#xA;*/&#xA;define &quot;Should Conduct hepatitis C test 3&quot;:&#xA;  ContactData.&quot;Current alcohol and/or other substance use&quot; in Cx.&quot;Current alcohol and/or other substance use - Injectable drugs Choices&quot;"/></extension><extension url="displaySequence"><valueInteger value="5"/></extension></extension><extension url="http://hl7.org/fhir/StructureDefinition/cqf-logicDefinition"><extension url="libraryName"><valueString value="ANCContactDataElements"/></extension><extension url="name"><valueString value="HIV status"/></extension><extension url="statement"><valueString value="/*&#xA;  @dataElement: ANC.B9.DE45 HIV status&#xA;  @activity: ANC.B9 Lab tests &amp; imaging&#xA;  @description: Calculated field for woman's HIV status&#xA;*/&#xA;define &quot;HIV status&quot;:&#xA;  WC.Only(&#xA;  [Observation: Cx.&quot;HIV status&quot;] O&#xA;    where O.status in { 'final', 'amended', 'corrected' }&#xA;      and Coalesce(WC.ModifierExtension(O, 'who-notDone').value, false) is false&#xA;      and Last(Split(O.encounter.reference, '/')) = Last(Split(encounter, '/'))&#xA;  ).value as FHIR.CodeableConcept"/></extension><extension url="displaySequence"><valueInteger value="6"/></extension></extension><extension url="http://hl7.org/fhir/StructureDefinition/cqf-logicDefinition"><extension url="libraryName"><valueString value="ANCDT10"/></extension><extension url="name"><valueString value="Should Conduct hepatitis C test 2"/></extension><extension url="statement"><valueString value="/*&#xA;&quot;HIV status&quot; = &quot;HIV positive&quot;&#xA;*/&#xA;define &quot;Should Conduct hepatitis C test 2&quot;:&#xA;  ContactData.&quot;HIV status&quot; in Cx.&quot;HIV status - HIV positive Choices&quot;"/></extension><extension url="displaySequence"><valueInteger value="7"/></extension></extension><extension url="http://hl7.org/fhir/StructureDefinition/cqf-logicDefinition"><extension url="libraryName"><valueString value="ANCCommon"/></extension><extension url="name"><valueString value="Extension"/></extension><extension url="statement"><valueString value="/*&#xA;@description: Returns the single ANC extension (if present) on the given resource with the specified id.&#xA;@comment: This function uses singleton from to ensure that a run-time exception is thrown if there&#xA;is more than one extension on the given resource with the specified id.&#xA;*/&#xA;define function Extension(domainResource DomainResource, id String):&#xA;  singleton from &quot;Extensions&quot;(domainResource, id)"/></extension><extension url="displaySequence"><valueInteger value="8"/></extension></extension><extension url="http://hl7.org/fhir/StructureDefinition/cqf-logicDefinition"><extension url="libraryName"><valueString value="ANCCommon"/></extension><extension url="name"><valueString value="Extensions"/></extension><extension url="statement"><valueString value="/*&#xA;@description: Returns any ANC extensions defined on the given resource with the specified id.&#xA;@comment: NOTE: Extensions are not the preferred approach, but are used as a way to access&#xA;content that is defined by extensions but not yet surfaced in the&#xA;CQL model info.&#xA;*/&#xA;define function Extensions(domainResource DomainResource, id String):&#xA;  domainResource.extension E&#xA;&#x9;  where E.url = ('http://smart.who.int/anc/StructureDefinition/' + id)&#xA;&#x9;&#x9;return E"/></extension><extension url="displaySequence"><valueInteger value="9"/></extension></extension><extension url="http://hl7.org/fhir/StructureDefinition/cqf-logicDefinition"><extension url="libraryName"><valueString value="FHIRHelpers"/></extension><extension url="name"><valueString value="ToString"/></extension><extension url="statement"><valueString value="define function ToString(value uri): value.value"/></extension><extension url="displaySequence"><valueInteger value="10"/></extension></extension><extension url="http://hl7.org/fhir/StructureDefinition/cqf-logicDefinition"><extension url="libraryName"><valueString value="FHIRHelpers"/></extension><extension url="name"><valueString value="ToConcept"/></extension><extension url="statement"><valueString value="define function ToConcept(concept FHIR.CodeableConcept):&#xA;    if concept is null then&#xA;        null&#xA;    else&#xA;        System.Concept {&#xA;            codes: concept.coding C return ToCode(C),&#xA;            display: concept.text.value&#xA;        }"/></extension><extension url="displaySequence"><valueInteger value="11"/></extension></extension><extension url="http://hl7.org/fhir/StructureDefinition/cqf-logicDefinition"><extension url="libraryName"><valueString value="FHIRHelpers"/></extension><extension url="name"><valueString value="ToCode"/></extension><extension url="statement"><valueString value="define function ToCode(coding FHIR.Coding):&#xA;    if coding is null then&#xA;        null&#xA;    else&#xA;        System.Code {&#xA;          code: coding.code.value,&#xA;          system: coding.system.value,&#xA;          version: coding.version.value,&#xA;          display: coding.display.value&#xA;        }"/></extension><extension url="displaySequence"><valueInteger value="12"/></extension></extension><extension url="http://hl7.org/fhir/StructureDefinition/cqf-logicDefinition"><extension url="libraryName"><valueString value="FHIRHelpers"/></extension><extension url="name"><valueString value="ToString"/></extension><extension url="statement"><valueString value="define function ToString(value ObservationStatus): value.value"/></extension><extension url="displaySequence"><valueInteger value="13"/></extension></extension><extension url="http://hl7.org/fhir/StructureDefinition/cqf-logicDefinition"><extension url="libraryName"><valueString value="FHIRHelpers"/></extension><extension url="name"><valueString value="ToBoolean"/></extension><extension url="statement"><valueString value="define function ToBoolean(value boolean): value.value"/></extension><extension url="displaySequence"><valueInteger value="14"/></extension></extension><extension url="http://hl7.org/fhir/StructureDefinition/cqf-logicDefinition"><extension url="libraryName"><valueString value="WHOCommon"/></extension><extension url="name"><valueString value="ModifierExtension"/></extension><extension url="statement"><valueString value="/*&#xA;@description: Returns the single WHO core modifier extension (if present) on the given resource with the specified id.&#xA;@comment: This function uses singleton from to ensure that a run-time exception is thrown if there&#xA;is more than one extension on the given resource with the specified url.&#xA;*/&#xA;define function ModifierExtension(domainResource DomainResource, id String):&#xA;  singleton from ModifierExtensions(domainResource, id)"/></extension><extension url="displaySequence"><valueInteger value="15"/></extension></extension><extension url="http://hl7.org/fhir/StructureDefinition/cqf-logicDefinition"><extension url="libraryName"><valueString value="WHOCommon"/></extension><extension url="name"><valueString value="ModifierExtensions"/></extension><extension url="statement"><valueString value="/*&#xA;@description: Returns any WHO core modifier extensions defined on the given resource with the specified id.&#xA;@comment: NOTE: Extensions are not the preferred approach, but are used as a way to access&#xA;content that is defined by extensions but not yet surfaced in the&#xA;CQL model info.&#xA;*/&#xA;define function ModifierExtensions(domainResource DomainResource, id String):&#xA;  domainResource.modifierExtension E&#xA;&#x9;  where E.url = ('http://fhir.org/guides/who/core/StructureDefinition/' + id)&#xA;&#x9;&#x9;return E"/></extension><extension url="displaySequence"><valueInteger value="16"/></extension></extension><extension url="http://hl7.org/fhir/StructureDefinition/cqf-logicDefinition"><extension url="libraryName"><valueString value="FHIRHelpers"/></extension><extension url="name"><valueString value="ToString"/></extension><extension url="statement"><valueString value="define function ToString(value string): value.value"/></extension><extension url="displaySequence"><valueInteger value="17"/></extension></extension><extension url="http://hl7.org/fhir/StructureDefinition/cqf-logicDefinition"><extension url="libraryName"><valueString value="WHOCommon"/></extension><extension url="name"><valueString value="Only"/></extension><extension url="statement"><valueString value="define function Only(observations List&lt;Observation&gt;):&#xA;  singleton from observations"/></extension><extension url="displaySequence"><valueInteger value="18"/></extension></extension><extension id="effective-data-requirements" url="http://hl7.org/fhir/uv/crmi/StructureDefinition/crmi-effectiveDataRequirements"><valueCanonical value="#effective-data-requirements"/></extension><extension url="http://hl7.org/fhir/uv/crmi/StructureDefinition/crmi-softwaresystem"><valueReference><reference value="Device/cqf-tooling"/></valueReference></extension><url value="http://smart.who.int/anc/PlanDefinition/ANCDT10"/><identifier><use value="official"/><value value="ANC.DT.10"/></identifier><version value="0.3.0"/><name value="ANCDT10"/><title value="ANC.DT.10 Hepatitis C testing"/><type><coding><system value="http://terminology.hl7.org/CodeSystem/plan-definition-type"/><code value="eca-rule"/></coding></type><status value="active"/><experimental value="false"/><date value="2025-06-24T13:58:48-06:00"/><publisher value="World Health Organization (WHO)"/><contact><telecom><system value="url"/><value value="https://www.who.int"/></telecom></contact><description value="Depending on the population prevalence, and woman's medical history, conduct hepatitis C testing"/><useContext><code><system value="http://terminology.hl7.org/CodeSystem/usage-context-type"/><code value="task"/><display value="Workflow Task"/></code><valueCodeableConcept><coding><system value="http://smart.who.int/anc/CodeSystem/activity-codes"/><code value="ANC.B9."/><display value="Conduct laboratory tests and imaging"/></coding></valueCodeableConcept></useContext><jurisdiction><coding><system value="http://unstats.un.org/unsd/methods/m49/m49.htm"/><code value="001"/></coding></jurisdiction><library value="http://smart.who.int/anc/Library/ANCDT10"/><action><title value="ANC.DT.10 Hepatitis C testing"/><trigger><type value="named-event"/><name value="ANC.B9. Conduct laboratory tests and imaging"/></trigger><action id="1"><title value="Conduct hepatitis C test"/><description value="Conduct hepatitis C test"/><textEquivalent value="In settings where the proportion of HCV antibody seroprevalence in the general population is 2% or higher, then a hepatitis C test is required.&#xA;&#xA;Anti-HCV laboratory-based immunoassay is the preferred method for testing for Hep C infection in pregnancy; if immunoassay is not available, anti-HCV rapid diagnostic test (RDT) is recommended over dried blood spot (DBS) anti-HCV testing."/><documentation><type value="citation"/><label value="Guidelines on hepatitis B and C testing (2017): Recommendation 6.1 (4)"/></documentation><condition><kind value="applicability"/><expression><description value="&quot;Population prevalence of hepatitis C&quot; ≥ 2%"/><language value="text/cql-identifier"/><expression value="Should Conduct hepatitis C test"/></expression></condition></action><action id="2"><title value="Conduct hepatitis C test"/><description value="Conduct hepatitis C test 2"/><textEquivalent value="If the woman is HIV positive, then a hepatitis C test is required.&#xA;&#xA;Anti-HCV laboratory-based immunoassay is the preferred method for testing for Hep C infection in pregnancy; if immunoassay is not available, anti-HCV rapid diagnostic test (RDT) is recommended over dried blood spot (DBS) anti-HCV testing"/><documentation><type value="citation"/><label value="Guidelines on hepatitis B and C testing (2017): Recommendation 6.1 (4)"/></documentation><condition><kind value="applicability"/><expression><description value="&quot;HIV status&quot; = &quot;HIV positive&quot;"/><language value="text/cql-identifier"/><expression value="Should Conduct hepatitis C test 2"/></expression></condition></action><action id="3"><title value="Conduct hepatitis C test"/><description value="Conduct hepatitis C test 3"/><textEquivalent value="If the woman injects drugs, then a hepatitis C test is required.&#xA;&#xA;Anti-HCV laboratory-based immunoassay is the preferred method for testing for Hep C infection in pregnancy; if immunoassay is not available, anti-HCV rapid diagnostic test (RDT) is recommended over dried blood spot (DBS) anti-HCV testing."/><documentation><type value="citation"/><label value="Guidelines on hepatitis B and C testing (2017): Recommendation 6.1 (4)"/></documentation><condition><kind value="applicability"/><expression><description value="&quot;Current alcohol and/or other substance use&quot; = &quot;Injectable drugs&quot;"/><language value="text/cql-identifier"/><expression value="Should Conduct hepatitis C test 3"/></expression></condition></action><action id="4"><title value="Conduct hepatitis C test"/><description value="Conduct hepatitis C test 4"/><textEquivalent value="If a woman is a sex worker, then a hepatitis C test is required.&#xA;&#xA;Anti-HCV laboratory-based immunoassay is the preferred method for testing for Hep C infection in pregnancy; if immunoassay is not available, anti-HCV rapid diagnostic test (RDT) is recommended over dried blood spot (DBS) anti-HCV testing."/><documentation><type value="citation"/><label value="Guidelines on hepatitis B and C testing (2017): Recommendation 6.1 (4)"/></documentation><condition><kind value="applicability"/><expression><description value="&quot;Occupation&quot; = &quot;Informal employment (sex worker)&quot;"/><language value="text/cql-identifier"/><expression value="Should Conduct hepatitis C test 4"/></expression></condition></action></action></PlanDefinition>