<?xml version="1.0" encoding="UTF-8"?><ValueSet xmlns="http://hl7.org/fhir"><id value="anc-b6-de19"/><meta><profile value="http://hl7.org/fhir/uv/cpg/StructureDefinition/cpg-executablevalueset"/></meta><text><status value="generated"/><div xmlns="http://www.w3.org/1999/xhtml"><p class="res-header-id"><b>Generated Narrative: ValueSet anc-b6-de19</b></p><a name="anc-b6-de19"> </a><a name="hcanc-b6-de19"> </a><div style="display: inline-block; background-color: #d9e0e7; padding: 6px; margin: 4px; border: 1px solid #8da1b4; border-radius: 5px; line-height: 60%"><p style="margin-bottom: 0px"/><p style="margin-bottom: 0px">Profile: <a href="http://hl7.org/fhir/uv/cpg/STU1/StructureDefinition-cpg-executablevalueset.html">CPGExecutableValueSet</a></p></div><p>This value set expansion contains 3 concepts.</p><table class="codes"><tr><td style="white-space:nowrap"><b>Code</b></td><td><b>System</b></td><td><b>Display</b></td><td><b>Definition</b></td></tr><tr><td style="white-space:nowrap"><a name="anc-b6-de19-http://smart.who.int/anc/CodeSystem/anc-custom-codes-ANC.B6.DE19"> </a>  <a href="CodeSystem-anc-custom-codes.html#anc-custom-codes-ANC.46B6.46DE19">ANC.B6.DE19</a></td><td>http://smart.who.int/anc/CodeSystem/anc-custom-codes</td><td>Last menstrual period (LMP)</td><td>Source of gestational age - Last menstrual period (LMP)</td></tr><tr><td style="white-space:nowrap"><a name="anc-b6-de19-http://smart.who.int/anc/CodeSystem/anc-custom-codes-ANC.B6.DE20"> </a>  <a href="CodeSystem-anc-custom-codes.html#anc-custom-codes-ANC.46B6.46DE20">ANC.B6.DE20</a></td><td>http://smart.who.int/anc/CodeSystem/anc-custom-codes</td><td>Ultrasound</td><td>Source of gestational age - Ultrasound</td></tr><tr><td style="white-space:nowrap"><a name="anc-b6-de19-http://smart.who.int/anc/CodeSystem/anc-custom-codes-ANC.B6.DE21"> </a>  <a href="CodeSystem-anc-custom-codes.html#anc-custom-codes-ANC.46B6.46DE21">ANC.B6.DE21</a></td><td>http://smart.who.int/anc/CodeSystem/anc-custom-codes</td><td>Symphysis fundal height (SFH) or abdominal palpation</td><td>Source of gestational age - Symphysis fundal height (SFH) or abdominal palpation</td></tr></table></div></text><extension url="http://hl7.org/fhir/uv/cpg/StructureDefinition/cpg-knowledgeCapability"><valueString value="executable"/></extension><extension url="http://hl7.org/fhir/uv/cpg/StructureDefinition/cpg-knowledgeRepresentationLevel"><valueString value="executable"/></extension><url value="http://smart.who.int/anc/ValueSet/anc-b6-de19"/><version value="0.3.0"/><name value="SourceofgestationalageChoices"/><title value="Source of gestational age Choices"/><status value="draft"/><experimental value="false"/><date value="2025-07-10T11:54:36+02:00"/><publisher value="World Health Organization (WHO)"/><contact><telecom><system value="url"/><value value="https://www.who.int"/></telecom></contact><description value="Codes representing possible values for the Source of gestational age Choices element"/><jurisdiction><coding><system value="http://unstats.un.org/unsd/methods/m49/m49.htm"/><code value="001"/></coding></jurisdiction><immutable value="true"/><compose><include><system value="http://smart.who.int/anc/CodeSystem/anc-custom-codes"/><concept><code value="ANC.B6.DE19"/><display value="Last menstrual period (LMP)"/></concept><concept><code value="ANC.B6.DE20"/><display value="Ultrasound"/></concept><concept><code value="ANC.B6.DE21"/><display value="Symphysis fundal height (SFH) or abdominal palpation"/></concept></include></compose><expansion><timestamp value="2021-11-30T07:11:22-07:00"/><contains><system value="http://smart.who.int/anc/CodeSystem/anc-custom-codes"/><code value="ANC.B6.DE19"/><display value="Last menstrual period (LMP)"/></contains><contains><system value="http://smart.who.int/anc/CodeSystem/anc-custom-codes"/><code value="ANC.B6.DE20"/><display value="Ultrasound"/></contains><contains><system value="http://smart.who.int/anc/CodeSystem/anc-custom-codes"/><code value="ANC.B6.DE21"/><display value="Symphysis fundal height (SFH) or abdominal palpation"/></contains></expansion></ValueSet>