<?xml version="1.0" encoding="UTF-8"?><CodeSystem xmlns="http://hl7.org/fhir"><id value="WHODDCCsnomed"/><text><status value="generated"/><div xmlns="http://www.w3.org/1999/xhtml"><p class="res-header-id"><b>Generated Narrative: CodeSystem WHODDCCsnomed</b></p><a name="WHODDCCsnomed"> </a><a name="hcWHODDCCsnomed"> </a><a name="WHODDCCsnomed-en-US"> </a><p>This case-sensitive code system <code>http://snomed.info/sct</code> defines the following codes:</p><table class="codes"><tr><td style="white-space:nowrap"><b>Code</b></td><td><b>Display</b></td></tr><tr><td style="white-space:nowrap">1031000172108<a name="WHODDCCsnomed-1031000172108"> </a></td><td>COVID-19 mRNA vaccine (BNT162b2) of Pfizer-BioNTech</td></tr><tr><td style="white-space:nowrap">10871000172106<a name="WHODDCCsnomed-10871000172106"> </a></td><td>COVID-19 mRNA vaccine (mRNA-1273) of Moderna</td></tr><tr><td style="white-space:nowrap">10891000172107<a name="WHODDCCsnomed-10891000172107"> </a></td><td>COVID-19 viral vector vaccine (AZD1222 (ChAdOx1-S recombinant)) of AstraZeneca, Oxford</td></tr><tr><td style="white-space:nowrap">10901000172106<a name="WHODDCCsnomed-10901000172106"> </a></td><td>COVID-19 viral vector vaccine (JNJ-78436735( Ad26.COV2-S recombinant)) of Johnson and Johnson, Janssens</td></tr><tr><td style="white-space:nowrap">125071000220108<a name="WHODDCCsnomed-125071000220108"> </a></td><td>COVID-19 mRNA Vaccine Pfizer-BioNTech 10 micrograms/dose concentrate for dispersion for injection</td></tr><tr><td style="white-space:nowrap">125081000220106<a name="WHODDCCsnomed-125081000220106"> </a></td><td>COVID-19 mRNA Vaccine Ready to Use Pfizer-BioNTech 30 micrograms/ 0.3 milliliter dose dispersion for injection</td></tr><tr><td style="white-space:nowrap">125091000220109<a name="WHODDCCsnomed-125091000220109"> </a></td><td>COVID-19 mRNA Ready to Use Adapted BA.1 Vaccine Pfizer-BioNTech 15 / 15 micrograms/ 0.3 milliliter dose dispersion for injection</td></tr><tr><td style="white-space:nowrap">125101000220104<a name="WHODDCCsnomed-125101000220104"> </a></td><td>COVID-19 mRNA Ready to Use Adapted BA.4 and BA.5 Vaccine Pfizer-BioNTech 15 / 15 micrograms/ 0.3 milliliter dose dispersion for injection</td></tr><tr><td style="white-space:nowrap">125111000220101<a name="WHODDCCsnomed-125111000220101"> </a></td><td>COVID-19 mRNA Adapted BA.1 Vaccine Moderna (50 micrograms/50 micrograms) / milliliter dispersion for injection</td></tr><tr><td style="white-space:nowrap">125121000220108<a name="WHODDCCsnomed-125121000220108"> </a></td><td>COVID-19 mRNA Adapted BA.4 nd BA.5 Vaccine Moderna (50 micrograms/50 micrograms) / milliliter dispersion for injection</td></tr><tr><td style="white-space:nowrap">1401000220108<a name="WHODDCCsnomed-1401000220108"> </a></td><td>COVID-19 Vaccine AstraZeneca 5 x10,000,000,000 viral particles/per 0.5ml dose for injection multidose vials</td></tr><tr><td style="white-space:nowrap">1411000220106<a name="WHODDCCsnomed-1411000220106"> </a></td><td>COVID-19 mRNA Vaccine Pfizer-BioNTech 30 micrograms per 0.3ml dose concentrate for suspension for injection multidose vials</td></tr><tr><td style="white-space:nowrap">1421000220104<a name="WHODDCCsnomed-1421000220104"> </a></td><td>COVID-19 mRNA Vaccine Moderna 0.1mg per 0.5mL dose dispersion for injection multidose vials</td></tr><tr><td style="white-space:nowrap">28571000087109<a name="WHODDCCsnomed-28571000087109"> </a></td><td>COVID-19 SPIKEVAX 0.20 mg/mL mRNA Mod</td></tr><tr><td style="white-space:nowrap">28581000087106<a name="WHODDCCsnomed-28581000087106"> </a></td><td>COVID-19 COMIRNATY 30 mcg/0.3 ml mRNA PB</td></tr><tr><td style="white-space:nowrap">28761000087108<a name="WHODDCCsnomed-28761000087108"> </a></td><td>COVID-19 VAXZEVRIA AZC</td></tr><tr><td style="white-space:nowrap">28951000087107<a name="WHODDCCsnomed-28951000087107"> </a></td><td>COVID-19 JANSSEN COVID-19 VACCINE Jan</td></tr><tr><td style="white-space:nowrap">28961000087105<a name="WHODDCCsnomed-28961000087105"> </a></td><td>COVID-19 COVISHIELD VP</td></tr><tr><td style="white-space:nowrap">29171000087106<a name="WHODDCCsnomed-29171000087106"> </a></td><td>COVID-19 NUVAXOVID NOV</td></tr><tr><td style="white-space:nowrap">30151000087105<a name="WHODDCCsnomed-30151000087105"> </a></td><td>COVID-19 COVIFENZ VLP MED</td></tr><tr><td style="white-space:nowrap">31301000087101<a name="WHODDCCsnomed-31301000087101"> </a></td><td>COVID-19 SINOPHARM-BIBP</td></tr><tr><td style="white-space:nowrap">31311000087104<a name="WHODDCCsnomed-31311000087104"> </a></td><td>COVID-19 CoronaVac</td></tr><tr><td style="white-space:nowrap">31341000087103<a name="WHODDCCsnomed-31341000087103"> </a></td><td>COVID-19 Sputnik V</td></tr><tr><td style="white-space:nowrap">31431000087100<a name="WHODDCCsnomed-31431000087100"> </a></td><td>COVID-19 Convidecia</td></tr><tr><td style="white-space:nowrap">33201000087108<a name="WHODDCCsnomed-33201000087108"> </a></td><td>COVID-19 SINOPHARM-WIBP</td></tr><tr><td style="white-space:nowrap">33211000087105<a name="WHODDCCsnomed-33211000087105"> </a></td><td>COVID-19 COVAXIN</td></tr><tr><td style="white-space:nowrap">33221000087102<a name="WHODDCCsnomed-33221000087102"> </a></td><td>COVID-19 mRNA CureVac</td></tr><tr><td style="white-space:nowrap">33361000087101<a name="WHODDCCsnomed-33361000087101"> </a></td><td>COVID-19 COMIRNATY pediatric 10 mcg/0.2 ml mRNA PB</td></tr><tr><td style="white-space:nowrap">33391000087109<a name="WHODDCCsnomed-33391000087109"> </a></td><td>COVID-19 Abdala</td></tr><tr><td style="white-space:nowrap">33401000087107<a name="WHODDCCsnomed-33401000087107"> </a></td><td>COVID-19 COVIran Barekat</td></tr><tr><td style="white-space:nowrap">33411000087109<a name="WHODDCCsnomed-33411000087109"> </a></td><td>COVID-19 CoviVac</td></tr><tr><td style="white-space:nowrap">33421000087101<a name="WHODDCCsnomed-33421000087101"> </a></td><td>COVID-19 EpiVacCorona</td></tr><tr><td style="white-space:nowrap">33431000087104<a name="WHODDCCsnomed-33431000087104"> </a></td><td>COVID-19 KCONVAC</td></tr><tr><td style="white-space:nowrap">33441000087105<a name="WHODDCCsnomed-33441000087105"> </a></td><td>COVID-19 Medgen-Dynavax-NIAID</td></tr><tr><td style="white-space:nowrap">33451000087108<a name="WHODDCCsnomed-33451000087108"> </a></td><td>COVID-19 QazCovid-in</td></tr><tr><td style="white-space:nowrap">33461000087106<a name="WHODDCCsnomed-33461000087106"> </a></td><td>COVID-19 Sputnik Light</td></tr><tr><td style="white-space:nowrap">33471000087102<a name="WHODDCCsnomed-33471000087102"> </a></td><td>COVID-19 ZIFIVAX</td></tr><tr><td style="white-space:nowrap">33581000087104<a name="WHODDCCsnomed-33581000087104"> </a></td><td>COVID-19 pediatric mRNA unspecified</td></tr><tr><td style="white-space:nowrap">33881000087102<a name="WHODDCCsnomed-33881000087102"> </a></td><td>COVID-19 COMIRNATY tris-sucrose 30 mcg/0.3 ml mRNA PB</td></tr><tr><td style="white-space:nowrap">34591000087100<a name="WHODDCCsnomed-34591000087100"> </a></td><td>COVID-19 Soberana 02</td></tr><tr><td style="white-space:nowrap">34601000087108<a name="WHODDCCsnomed-34601000087108"> </a></td><td>COVID-19 SpikoGen</td></tr><tr><td style="white-space:nowrap">34611000087105<a name="WHODDCCsnomed-34611000087105"> </a></td><td>COVID-19 COMIRNATY pediatric 3 mcg/0.2 ml mRNA PB</td></tr><tr><td style="white-space:nowrap">34921000087108<a name="WHODDCCsnomed-34921000087108"> </a></td><td>COVID-19 COVOVAX</td></tr><tr><td style="white-space:nowrap">35651000087105<a name="WHODDCCsnomed-35651000087105"> </a></td><td>COVID-19 SPIKEVAX 0.10 mg/mL mRNA Mod</td></tr><tr><td style="white-space:nowrap">37311000087109<a name="WHODDCCsnomed-37311000087109"> </a></td><td>COVID-19 SPIKEVAX Bivalent (Original / Omicron BA.1) 0.10 mg/mL mRNA Mod</td></tr><tr><td style="white-space:nowrap">37651000087101<a name="WHODDCCsnomed-37651000087101"> </a></td><td>COVID-19 SPIKEVAX Bivalent (Original / Omicron BA.4/BA.5) 0.10 mg/mL mRNA Mod</td></tr><tr><td style="white-space:nowrap">384671000221101<a name="WHODDCCsnomed-384671000221101"> </a></td><td>SINOPHARM - BIBP vacuna COVID-19 [SARS-COV-2 (cÃ©lulas Vero) inactivado 1 dosis/0,5 ml] suspensiÃ³n inyectable, vial de 0,5 ml (1 dosis), Sinopharm - Beijing Institute</td></tr><tr><td style="white-space:nowrap">399651000221108<a name="WHODDCCsnomed-399651000221108"> </a></td><td>vacuna COVID-19 virus entero inactivado 1 dosis/0,5 ml, suspensiÃ³n inyectable, vial de 0,5 ml (1 dosis)</td></tr><tr><td style="white-space:nowrap">399661000221105<a name="WHODDCCsnomed-399661000221105"> </a></td><td>vacuna COVID-19 vector no replicante adenovirus de chimpancÃ© 1 dosis/0,5 ml, soluciÃ³n inyectable, vial de 5 ml (10 dosis)</td></tr><tr><td style="white-space:nowrap">399681000221103<a name="WHODDCCsnomed-399681000221103"> </a></td><td>vacuna COVID-19 vector no replicante Adenovirus humano 5 1 dosis/0,5 ml, soluciÃ³n inyectable, vial de 3 ml (5 dosis)</td></tr><tr><td style="white-space:nowrap">399691000221100<a name="WHODDCCsnomed-399691000221100"> </a></td><td>vacuna COVID-19 vector no replicante Adenovirus humano 26 1 dosis/0,5 ml, soluciÃ³n inyectable, vial de 3 ml (5 dosis)</td></tr><tr><td style="white-space:nowrap">399701000221100<a name="WHODDCCsnomed-399701000221100"> </a></td><td>vacuna COVID-19 vector no replicante Adenovirus humano 26 1 dosis/0,5 ml, suspensiÃ³n inyectable, vial de 3 ml (5 dosis)</td></tr><tr><td style="white-space:nowrap">399771000221108<a name="WHODDCCsnomed-399771000221108"> </a></td><td>COVISHIELD vacuna COVID-19 [ChAdOx1 SARS-CoV-2 S 1 dosis/0,5 ml] soluciÃ³n inyectable, vial de 5 ml (10 dosis), Serum Institute of India</td></tr><tr><td style="white-space:nowrap">399781000221106<a name="WHODDCCsnomed-399781000221106"> </a></td><td>VAXZEVRIA vacuna COVID-19 [ChAdOx1 SARS-CoV-2 S 1 dosis/0,5 ml] soluciÃ³n inyectable, vial de 5 ml (10 dosis), Astrazeneca</td></tr><tr><td style="white-space:nowrap">399801000221105<a name="WHODDCCsnomed-399801000221105"> </a></td><td>SPUTNIK V vacuna COVID-19 componente I [rAd 26 SARS-CoV-2 S 1 dosis/0,5 ml] soluciÃ³n inyectable, vial de 3 ml (5 dosis), Instituto Gamaleya</td></tr><tr><td style="white-space:nowrap">399811000221108<a name="WHODDCCsnomed-399811000221108"> </a></td><td>SPUTNIK V vacuna COVID-19 componente II [rAd 5 SARS-CoV-2 S 1 dosis/0,5 ml] soluciÃ³n inyectable, vial de 3 ml (5 dosis), Instituto Gamaleya</td></tr><tr><td style="white-space:nowrap">399821000221103<a name="WHODDCCsnomed-399821000221103"> </a></td><td>JANSSEN vacuna COVID-19 [rAd 26 SARS-CoV-2 S 1 dosis/0,5 ml] suspensiÃ³n inyectable, vial de 3 ml (5 dosis), Janssen</td></tr><tr><td style="white-space:nowrap">399861000221106<a name="WHODDCCsnomed-399861000221106"> </a></td><td>vacuna COVID-19 ARNm 100 mcg/ml, suspensiÃ³n inyectable, vial de 5,5 ml (10 dosis de 0,5 ml)</td></tr><tr><td style="white-space:nowrap">399871000221102<a name="WHODDCCsnomed-399871000221102"> </a></td><td>vacuna COVID-19 ARNm 100 mcg/ml, suspensiÃ³n inyectable, vial de 7,5 ml (15 dosis de 0,5 ml)</td></tr><tr><td style="white-space:nowrap">399881000221104<a name="WHODDCCsnomed-399881000221104"> </a></td><td>vacuna COVID-19 ARNm 30 mcg/0,3 ml, suspensiÃ³n inyectable, vial de 0,45 ml (6 dosis de 0,3 ml luego de diluciÃ³n)</td></tr><tr><td style="white-space:nowrap">399891000221101<a name="WHODDCCsnomed-399891000221101"> </a></td><td>SPIKEVAX vacuna COVID-19 [SARS-CoV-2 S ARNm 100 mcg/0,5 ml] suspensiÃ³n inyectable, vial de 5.5 ml (10 dosis), Moderna</td></tr><tr><td style="white-space:nowrap">399901000221102<a name="WHODDCCsnomed-399901000221102"> </a></td><td>SPIKEVAX vacuna COVID-19 [SARS-CoV-2 S ARNm 100 mcg/0,5 ml] suspensiÃ³n inyectable, vial de 7,5 ml (15 dosis de 0,5 ml), Moderna</td></tr><tr><td style="white-space:nowrap">399911000221104<a name="WHODDCCsnomed-399911000221104"> </a></td><td>COMIRNATY vacuna COVID-19 [SARS-CoV-2 S ARNm 30 mcg/0,3 ml] suspensiÃ³n inyectable, vial de 0,45 ml (6 dosis de 0,3 ml luego de diluciÃ³n), Pfizer</td></tr><tr><td style="white-space:nowrap">424531000221101<a name="WHODDCCsnomed-424531000221101"> </a></td><td>vacuna COVID-19 virus entero inactivado 1 dosis/0,5 ml, suspensiÃ³n inyectable</td></tr><tr><td style="white-space:nowrap">424541000221108<a name="WHODDCCsnomed-424541000221108"> </a></td><td>vacuna COVID-19 virus entero inactivado 1 dosis/0,5 ml, suspensiÃ³n inyectable, vial de 1 ml (2 dosis)</td></tr><tr><td style="white-space:nowrap">424551000221105<a name="WHODDCCsnomed-424551000221105"> </a></td><td>SINOPHARM - BIBP vacuna COVID-19 [SARS-COV-2 (cÃ©lulas Vero) inactivado 1 dosis/0,5 ml] suspensiÃ³n inyectable, vial de 1 ml (2 dosis), Sinopharm - Beijing Institute</td></tr><tr><td style="white-space:nowrap">424561000221107<a name="WHODDCCsnomed-424561000221107"> </a></td><td>vacuna COVID-19 vector no replicante adenovirus de chimpancÃ© 1 dosis/0,5 ml, soluciÃ³n inyectable</td></tr><tr><td style="white-space:nowrap">424571000221103<a name="WHODDCCsnomed-424571000221103"> </a></td><td>VAXZEVRIA vacuna COVID-19 vector viral no replicante</td></tr><tr><td style="white-space:nowrap">424581000221100<a name="WHODDCCsnomed-424581000221100"> </a></td><td>COVISHIELD vacuna COVID-19 vector viral no replicante</td></tr><tr><td style="white-space:nowrap">424591000221102<a name="WHODDCCsnomed-424591000221102"> </a></td><td>JANSSEN vacuna COVID-19 vector viral no replicante</td></tr><tr><td style="white-space:nowrap">424601000221107<a name="WHODDCCsnomed-424601000221107"> </a></td><td>vacuna COVID-19 vector no replicante Adenovirus humano 26 1 dosis/0,5 ml, suspensiÃ³n inyectable</td></tr><tr><td style="white-space:nowrap">424611000221105<a name="WHODDCCsnomed-424611000221105"> </a></td><td>vacuna COVID-19 vector no replicante Adenovirus humano 26 1 dosis/0,5 ml, soluciÃ³n inyectable, vial de 0,5 ml (1 dosis)</td></tr><tr><td style="white-space:nowrap">424621000221100<a name="WHODDCCsnomed-424621000221100"> </a></td><td>vacuna COVID-19 vector no replicante Adenovirus humano 26 1 dosis/0,5 ml, soluciÃ³n inyectable, vial de 1 ml (2 dosis)</td></tr><tr><td style="white-space:nowrap">424631000221102<a name="WHODDCCsnomed-424631000221102"> </a></td><td>vacuna COVID-19 vector no replicante Adenovirus humano 26 1 dosis/0,5 ml, soluciÃ³n inyectable</td></tr><tr><td style="white-space:nowrap">424641000221109<a name="WHODDCCsnomed-424641000221109"> </a></td><td>SPUTNIK V vacuna COVID-19 componente I [rAd 26 SARS-CoV-2 S 1 dosis/0,5 ml] soluciÃ³n inyectable, vial de 0,5 ml (1 dosis), Instituto Gamaleya</td></tr><tr><td style="white-space:nowrap">424651000221106<a name="WHODDCCsnomed-424651000221106"> </a></td><td>SPUTNIK V vacuna COVID-19 componente I [rAd 26 SARS-CoV-2 S 1 dosis/0,5 ml] soluciÃ³n inyectable, vial de 1 ml (2 dosis), Instituto Gamaleya</td></tr><tr><td style="white-space:nowrap">424661000221108<a name="WHODDCCsnomed-424661000221108"> </a></td><td>SPUTNIK V vacuna COVID-19 componente II [rAd 5 SARS-CoV-2 S 1 dosis/0,5 ml] soluciÃ³n inyectable, vial de 1 ml (2 dosis), Instituto Gamaleya</td></tr><tr><td style="white-space:nowrap">424671000221104<a name="WHODDCCsnomed-424671000221104"> </a></td><td>SPUTNIK V vacuna COVID-19 componente II [rAd 5 SARS-CoV-2 S 1 dosis/0,5 ml] soluciÃ³n inyectable, vial de 0,5 ml (1 dosis), Instituto Gamaleya</td></tr><tr><td style="white-space:nowrap">424681000221101<a name="WHODDCCsnomed-424681000221101"> </a></td><td>vacuna COVID-19 vector no replicante Adenovirus humano 5 1 dosis/0,5 ml, soluciÃ³n inyectable, vial de 1 ml (2 dosis)</td></tr><tr><td style="white-space:nowrap">424691000221103<a name="WHODDCCsnomed-424691000221103"> </a></td><td>vacuna COVID-19 vector no replicante Adenovirus humano 5 1 dosis/0,5 ml, soluciÃ³n inyectable, vial de 0,5 ml (1 dosis)</td></tr><tr><td style="white-space:nowrap">424701000221103<a name="WHODDCCsnomed-424701000221103"> </a></td><td>vacuna COVID-19 vector no replicante Adenovirus humano 5 1 dosis/0,5 ml, soluciÃ³n inyectable</td></tr><tr><td style="white-space:nowrap">424711000221100<a name="WHODDCCsnomed-424711000221100"> </a></td><td>SPUTNIK V vacuna COVID-19 vector viral no replicante</td></tr><tr><td style="white-space:nowrap">424721000221105<a name="WHODDCCsnomed-424721000221105"> </a></td><td>vacuna COVID-19 ARNm 100 mcg/0,5 ml, suspensiÃ³n inyectable</td></tr><tr><td style="white-space:nowrap">424731000221108<a name="WHODDCCsnomed-424731000221108"> </a></td><td>SPIKEVAX vacuna COVID-19 ARNm</td></tr><tr><td style="white-space:nowrap">424741000221101<a name="WHODDCCsnomed-424741000221101"> </a></td><td>vacuna COVID-19 ARNm 30 mcg/0,3 ml, suspensiÃ³n inyectable</td></tr><tr><td style="white-space:nowrap">424751000221104<a name="WHODDCCsnomed-424751000221104"> </a></td><td>COMIRNATY vacuna COVID-19 ARNm</td></tr><tr><td style="white-space:nowrap">424781000221109<a name="WHODDCCsnomed-424781000221109"> </a></td><td>CONVIDECIA vacuna COVID-19 [rAd 5 SARS-CoV-2 S 1 dosis/0,5 ml] soluciÃ³n inyectable, vial de 0,5 ml, (1 dosis), Cansino</td></tr><tr><td style="white-space:nowrap">424791000221107<a name="WHODDCCsnomed-424791000221107"> </a></td><td>CONVIDECIA vacuna COVID-19 [rAd 5 SARS-CoV-2 S 1 dosis/0,5 ml] soluciÃ³n inyectable, vial de 1,5 ml (3 dosis), Cansino</td></tr><tr><td style="white-space:nowrap">424801000221108<a name="WHODDCCsnomed-424801000221108"> </a></td><td>vacuna COVID-19 vector no replicante Adenovirus humano 5 1 dosis/0,5 ml, soluciÃ³n inyectable, vial de 1,5 ml (3 dosis)</td></tr><tr><td style="white-space:nowrap">424821000221101<a name="WHODDCCsnomed-424821000221101"> </a></td><td>SPUTNIK LIGTH vacuna COVID-19 vector viral no replicante</td></tr><tr><td style="white-space:nowrap">424831000221103<a name="WHODDCCsnomed-424831000221103"> </a></td><td>NOVAVAX vacuna COVID-19 proteÃ­na de espiga recombinante</td></tr><tr><td style="white-space:nowrap">424971000221108<a name="WHODDCCsnomed-424971000221108"> </a></td><td>ZYDUS CADILA vacuna COVID-19 ADN</td></tr><tr><td style="white-space:nowrap">425001000221100<a name="WHODDCCsnomed-425001000221100"> </a></td><td>SPUTNIK V componente I vacuna COVID-19 vector viral no replicante rAd 26</td></tr><tr><td style="white-space:nowrap">425011000221102<a name="WHODDCCsnomed-425011000221102"> </a></td><td>SPUTNIK V componente II vacuna COVID-19 vector viral no replicante rAd 5</td></tr><tr><td style="white-space:nowrap">425031000221105<a name="WHODDCCsnomed-425031000221105"> </a></td><td>VAXZEVRIA vacuna COVID-19 [ChAdOx1 SARS-CoV-2 S 1 dosis/0,5 ml] soluciÃ³n inyectable, vial de 4 ml (8 dosis), Astrazeneca</td></tr><tr><td style="white-space:nowrap">425051000221101<a name="WHODDCCsnomed-425051000221101"> </a></td><td>vacuna que contiene vector adenovirus de chimpancÃ© no replicante que codifica proteÃ­na de espiga de SARS-CoV-2 1 dosis/0,5 ml, soluciÃ³n inyectable, vial de 4 ml (8 dosis)</td></tr><tr><td style="white-space:nowrap">62051000220105<a name="WHODDCCsnomed-62051000220105"> </a></td><td>Janssen COVID-19 Vaccine 0.5 millilitre suspension injection Janssen Inc</td></tr><tr><td style="white-space:nowrap">407479009<a name="WHODDCCsnomed-407479009"> </a></td><td>Influenza A virus (organism)</td></tr><tr><td style="white-space:nowrap">407480007<a name="WHODDCCsnomed-407480007"> </a></td><td>Influenza B virus (organism)</td></tr><tr><td style="white-space:nowrap">840533007<a name="WHODDCCsnomed-840533007"> </a></td><td>Severe acute respiratory syndrome coronavirus 2 (organism)</td></tr><tr><td style="white-space:nowrap">10828004<a name="WHODDCCsnomed-10828004"> </a></td><td>Positive (qualifier value)</td></tr><tr><td style="white-space:nowrap">11214006<a name="WHODDCCsnomed-11214006"> </a></td><td>Reactive (qualifier value)</td></tr><tr><td style="white-space:nowrap">125154007<a name="WHODDCCsnomed-125154007"> </a></td><td>Specimen unsatisfactory for evaluation (finding)</td></tr><tr><td style="white-space:nowrap">131194007<a name="WHODDCCsnomed-131194007"> </a></td><td>Non-reactive (qualifier value)</td></tr><tr><td style="white-space:nowrap">260373001<a name="WHODDCCsnomed-260373001"> </a></td><td>Detected (qualifier value)</td></tr><tr><td style="white-space:nowrap">260385009<a name="WHODDCCsnomed-260385009"> </a></td><td>Negative (qualifier value)</td></tr><tr><td style="white-space:nowrap">260415000<a name="WHODDCCsnomed-260415000"> </a></td><td>Not detected (qualifier value)</td></tr><tr><td style="white-space:nowrap">415684004<a name="WHODDCCsnomed-415684004"> </a></td><td>Suspected (qualifier value)</td></tr><tr><td style="white-space:nowrap">419984006<a name="WHODDCCsnomed-419984006"> </a></td><td>Inconclusive (qualifier value)</td></tr><tr><td style="white-space:nowrap">42425007<a name="WHODDCCsnomed-42425007"> </a></td><td>Equivocal (qualifier value)</td></tr><tr><td style="white-space:nowrap">455371000124106<a name="WHODDCCsnomed-455371000124106"> </a></td><td>Invalid result (qualifier value)</td></tr><tr><td style="white-space:nowrap">720735008<a name="WHODDCCsnomed-720735008"> </a></td><td>Presumptive positive (qualifier value)</td></tr><tr><td style="white-space:nowrap">82334004<a name="WHODDCCsnomed-82334004"> </a></td><td>Indeterminate (qualifier value)</td></tr></table></div></text><url value="http://snomed.info/sct"/><version value="1.0.1"/><name value="WHODDCCsnomed"/><title value="SNOMED codes used in this IG"/><status value="active"/><experimental value="true"/><date value="2024-12-18T16:46:48+01:00"/><publisher value="WHO"/><contact><name value="WHO"/><telecom><system value="url"/><value value="http://who.int"/></telecom></contact><description value="All SNOMED codes from `http://snomed.info/sct` used in this IG. Provided so the FHIR server can perform expansions."/><jurisdiction><coding><system value="http://unstats.un.org/unsd/methods/m49/m49.htm"/><code value="001"/></coding></jurisdiction><caseSensitive value="true"/><content value="complete"/><count value="113"/><concept><code value="1031000172108"/><display value="COVID-19 mRNA vaccine (BNT162b2) of Pfizer-BioNTech"/></concept><concept><code value="10871000172106"/><display value="COVID-19 mRNA vaccine (mRNA-1273) of Moderna"/></concept><concept><code value="10891000172107"/><display value="COVID-19 viral vector vaccine (AZD1222 (ChAdOx1-S recombinant)) of AstraZeneca, Oxford"/></concept><concept><code value="10901000172106"/><display value="COVID-19 viral vector vaccine (JNJ-78436735( Ad26.COV2-S recombinant)) of Johnson and Johnson, Janssens"/></concept><concept><code value="125071000220108"/><display value="COVID-19 mRNA Vaccine Pfizer-BioNTech 10 micrograms/dose concentrate for dispersion for injection"/></concept><concept><code value="125081000220106"/><display value="COVID-19 mRNA Vaccine Ready to Use Pfizer-BioNTech 30 micrograms/ 0.3 milliliter dose dispersion for injection"/></concept><concept><code value="125091000220109"/><display value="COVID-19 mRNA Ready to Use Adapted BA.1 Vaccine Pfizer-BioNTech 15 / 15 micrograms/ 0.3 milliliter dose dispersion for injection"/></concept><concept><code value="125101000220104"/><display value="COVID-19 mRNA Ready to Use Adapted BA.4 and BA.5 Vaccine Pfizer-BioNTech 15 / 15 micrograms/ 0.3 milliliter dose dispersion for injection"/></concept><concept><code value="125111000220101"/><display value="COVID-19 mRNA Adapted BA.1 Vaccine Moderna (50 micrograms/50 micrograms) / milliliter dispersion for injection"/></concept><concept><code value="125121000220108"/><display value="COVID-19 mRNA Adapted BA.4 nd BA.5 Vaccine Moderna (50 micrograms/50 micrograms) / milliliter dispersion for injection"/></concept><concept><code value="1401000220108"/><display value="COVID-19 Vaccine AstraZeneca 5 x10,000,000,000 viral particles/per 0.5ml dose for injection multidose vials"/></concept><concept><code value="1411000220106"/><display value="COVID-19 mRNA Vaccine Pfizer-BioNTech 30 micrograms per 0.3ml dose concentrate for suspension for injection multidose vials"/></concept><concept><code value="1421000220104"/><display value="COVID-19 mRNA Vaccine Moderna 0.1mg per 0.5mL dose dispersion for injection multidose vials"/></concept><concept><code value="28571000087109"/><display value="COVID-19 SPIKEVAX 0.20 mg/mL mRNA Mod"/></concept><concept><code value="28581000087106"/><display value="COVID-19 COMIRNATY 30 mcg/0.3 ml mRNA PB"/></concept><concept><code value="28761000087108"/><display value="COVID-19 VAXZEVRIA AZC"/></concept><concept><code value="28951000087107"/><display value="COVID-19 JANSSEN COVID-19 VACCINE Jan"/></concept><concept><code value="28961000087105"/><display value="COVID-19 COVISHIELD VP"/></concept><concept><code value="29171000087106"/><display value="COVID-19 NUVAXOVID NOV"/></concept><concept><code value="30151000087105"/><display value="COVID-19 COVIFENZ VLP MED"/></concept><concept><code value="31301000087101"/><display value="COVID-19 SINOPHARM-BIBP"/></concept><concept><code value="31311000087104"/><display value="COVID-19 CoronaVac"/></concept><concept><code value="31341000087103"/><display value="COVID-19 Sputnik V"/></concept><concept><code value="31431000087100"/><display value="COVID-19 Convidecia"/></concept><concept><code value="33201000087108"/><display value="COVID-19 SINOPHARM-WIBP"/></concept><concept><code value="33211000087105"/><display value="COVID-19 COVAXIN"/></concept><concept><code value="33221000087102"/><display value="COVID-19 mRNA CureVac"/></concept><concept><code value="33361000087101"/><display value="COVID-19 COMIRNATY pediatric 10 mcg/0.2 ml mRNA PB"/></concept><concept><code value="33391000087109"/><display value="COVID-19 Abdala"/></concept><concept><code value="33401000087107"/><display value="COVID-19 COVIran Barekat"/></concept><concept><code value="33411000087109"/><display value="COVID-19 CoviVac"/></concept><concept><code value="33421000087101"/><display value="COVID-19 EpiVacCorona"/></concept><concept><code value="33431000087104"/><display value="COVID-19 KCONVAC"/></concept><concept><code value="33441000087105"/><display value="COVID-19 Medgen-Dynavax-NIAID"/></concept><concept><code value="33451000087108"/><display value="COVID-19 QazCovid-in"/></concept><concept><code value="33461000087106"/><display value="COVID-19 Sputnik Light"/></concept><concept><code value="33471000087102"/><display value="COVID-19 ZIFIVAX"/></concept><concept><code value="33581000087104"/><display value="COVID-19 pediatric mRNA unspecified"/></concept><concept><code value="33881000087102"/><display value="COVID-19 COMIRNATY tris-sucrose 30 mcg/0.3 ml mRNA PB"/></concept><concept><code value="34591000087100"/><display value="COVID-19 Soberana 02"/></concept><concept><code value="34601000087108"/><display value="COVID-19 SpikoGen"/></concept><concept><code value="34611000087105"/><display value="COVID-19 COMIRNATY pediatric 3 mcg/0.2 ml mRNA PB"/></concept><concept><code value="34921000087108"/><display value="COVID-19 COVOVAX"/></concept><concept><code value="35651000087105"/><display value="COVID-19 SPIKEVAX 0.10 mg/mL mRNA Mod"/></concept><concept><code value="37311000087109"/><display value="COVID-19 SPIKEVAX Bivalent (Original / Omicron BA.1) 0.10 mg/mL mRNA Mod"/></concept><concept><code value="37651000087101"/><display value="COVID-19 SPIKEVAX Bivalent (Original / Omicron BA.4/BA.5) 0.10 mg/mL mRNA Mod"/></concept><concept><code value="384671000221101"/><display value="SINOPHARM - BIBP vacuna COVID-19 [SARS-COV-2 (cÃ©lulas Vero) inactivado 1 dosis/0,5 ml] suspensiÃ³n inyectable, vial de 0,5 ml (1 dosis), Sinopharm - Beijing Institute"/></concept><concept><code value="399651000221108"/><display value="vacuna COVID-19 virus entero inactivado 1 dosis/0,5 ml, suspensiÃ³n inyectable, vial de 0,5 ml (1 dosis)"/></concept><concept><code value="399661000221105"/><display value="vacuna COVID-19 vector no replicante adenovirus de chimpancÃ© 1 dosis/0,5 ml, soluciÃ³n inyectable, vial de 5 ml (10 dosis)"/></concept><concept><code value="399681000221103"/><display value="vacuna COVID-19 vector no replicante Adenovirus humano 5 1 dosis/0,5 ml, soluciÃ³n inyectable, vial de 3 ml (5 dosis)"/></concept><concept><code value="399691000221100"/><display value="vacuna COVID-19 vector no replicante Adenovirus humano 26 1 dosis/0,5 ml, soluciÃ³n inyectable, vial de 3 ml (5 dosis)"/></concept><concept><code value="399701000221100"/><display value="vacuna COVID-19 vector no replicante Adenovirus humano 26 1 dosis/0,5 ml, suspensiÃ³n inyectable, vial de 3 ml (5 dosis)"/></concept><concept><code value="399771000221108"/><display value="COVISHIELD vacuna COVID-19 [ChAdOx1 SARS-CoV-2 S 1 dosis/0,5 ml] soluciÃ³n inyectable, vial de 5 ml (10 dosis), Serum Institute of India"/></concept><concept><code value="399781000221106"/><display value="VAXZEVRIA vacuna COVID-19 [ChAdOx1 SARS-CoV-2 S 1 dosis/0,5 ml] soluciÃ³n inyectable, vial de 5 ml (10 dosis), Astrazeneca"/></concept><concept><code value="399801000221105"/><display value="SPUTNIK V vacuna COVID-19 componente I [rAd 26 SARS-CoV-2 S 1 dosis/0,5 ml] soluciÃ³n inyectable, vial de 3 ml (5 dosis), Instituto Gamaleya"/></concept><concept><code value="399811000221108"/><display value="SPUTNIK V vacuna COVID-19 componente II [rAd 5 SARS-CoV-2 S 1 dosis/0,5 ml] soluciÃ³n inyectable, vial de 3 ml (5 dosis), Instituto Gamaleya"/></concept><concept><code value="399821000221103"/><display value="JANSSEN vacuna COVID-19 [rAd 26 SARS-CoV-2 S 1 dosis/0,5 ml] suspensiÃ³n inyectable, vial de 3 ml (5 dosis), Janssen"/></concept><concept><code value="399861000221106"/><display value="vacuna COVID-19 ARNm 100 mcg/ml, suspensiÃ³n inyectable, vial de 5,5 ml (10 dosis de 0,5 ml)"/></concept><concept><code value="399871000221102"/><display value="vacuna COVID-19 ARNm 100 mcg/ml, suspensiÃ³n inyectable, vial de 7,5 ml (15 dosis de 0,5 ml)"/></concept><concept><code value="399881000221104"/><display value="vacuna COVID-19 ARNm 30 mcg/0,3 ml, suspensiÃ³n inyectable, vial de 0,45 ml (6 dosis de 0,3 ml luego de diluciÃ³n)"/></concept><concept><code value="399891000221101"/><display value="SPIKEVAX vacuna COVID-19 [SARS-CoV-2 S ARNm 100 mcg/0,5 ml] suspensiÃ³n inyectable, vial de 5.5 ml (10 dosis), Moderna"/></concept><concept><code value="399901000221102"/><display value="SPIKEVAX vacuna COVID-19 [SARS-CoV-2 S ARNm 100 mcg/0,5 ml] suspensiÃ³n inyectable, vial de 7,5 ml (15 dosis de 0,5 ml), Moderna"/></concept><concept><code value="399911000221104"/><display value="COMIRNATY vacuna COVID-19 [SARS-CoV-2 S ARNm 30 mcg/0,3 ml] suspensiÃ³n inyectable, vial de 0,45 ml (6 dosis de 0,3 ml luego de diluciÃ³n), Pfizer"/></concept><concept><code value="424531000221101"/><display value="vacuna COVID-19 virus entero inactivado 1 dosis/0,5 ml, suspensiÃ³n inyectable"/></concept><concept><code value="424541000221108"/><display value="vacuna COVID-19 virus entero inactivado 1 dosis/0,5 ml, suspensiÃ³n inyectable, vial de 1 ml (2 dosis)"/></concept><concept><code value="424551000221105"/><display value="SINOPHARM - BIBP vacuna COVID-19 [SARS-COV-2 (cÃ©lulas Vero) inactivado 1 dosis/0,5 ml] suspensiÃ³n inyectable, vial de 1 ml (2 dosis), Sinopharm - Beijing Institute"/></concept><concept><code value="424561000221107"/><display value="vacuna COVID-19 vector no replicante adenovirus de chimpancÃ© 1 dosis/0,5 ml, soluciÃ³n inyectable"/></concept><concept><code value="424571000221103"/><display value="VAXZEVRIA vacuna COVID-19 vector viral no replicante"/></concept><concept><code value="424581000221100"/><display value="COVISHIELD vacuna COVID-19 vector viral no replicante"/></concept><concept><code value="424591000221102"/><display value="JANSSEN vacuna COVID-19 vector viral no replicante"/></concept><concept><code value="424601000221107"/><display value="vacuna COVID-19 vector no replicante Adenovirus humano 26 1 dosis/0,5 ml, suspensiÃ³n inyectable"/></concept><concept><code value="424611000221105"/><display value="vacuna COVID-19 vector no replicante Adenovirus humano 26 1 dosis/0,5 ml, soluciÃ³n inyectable, vial de 0,5 ml (1 dosis)"/></concept><concept><code value="424621000221100"/><display value="vacuna COVID-19 vector no replicante Adenovirus humano 26 1 dosis/0,5 ml, soluciÃ³n inyectable, vial de 1 ml (2 dosis)"/></concept><concept><code value="424631000221102"/><display value="vacuna COVID-19 vector no replicante Adenovirus humano 26 1 dosis/0,5 ml, soluciÃ³n inyectable"/></concept><concept><code value="424641000221109"/><display value="SPUTNIK V vacuna COVID-19 componente I [rAd 26 SARS-CoV-2 S 1 dosis/0,5 ml] soluciÃ³n inyectable, vial de 0,5 ml (1 dosis), Instituto Gamaleya"/></concept><concept><code value="424651000221106"/><display value="SPUTNIK V vacuna COVID-19 componente I [rAd 26 SARS-CoV-2 S 1 dosis/0,5 ml] soluciÃ³n inyectable, vial de 1 ml (2 dosis), Instituto Gamaleya"/></concept><concept><code value="424661000221108"/><display value="SPUTNIK V vacuna COVID-19 componente II [rAd 5 SARS-CoV-2 S 1 dosis/0,5 ml] soluciÃ³n inyectable, vial de 1 ml (2 dosis), Instituto Gamaleya"/></concept><concept><code value="424671000221104"/><display value="SPUTNIK V vacuna COVID-19 componente II [rAd 5 SARS-CoV-2 S 1 dosis/0,5 ml] soluciÃ³n inyectable, vial de 0,5 ml (1 dosis), Instituto Gamaleya"/></concept><concept><code value="424681000221101"/><display value="vacuna COVID-19 vector no replicante Adenovirus humano 5 1 dosis/0,5 ml, soluciÃ³n inyectable, vial de 1 ml (2 dosis)"/></concept><concept><code value="424691000221103"/><display value="vacuna COVID-19 vector no replicante Adenovirus humano 5 1 dosis/0,5 ml, soluciÃ³n inyectable, vial de 0,5 ml (1 dosis)"/></concept><concept><code value="424701000221103"/><display value="vacuna COVID-19 vector no replicante Adenovirus humano 5 1 dosis/0,5 ml, soluciÃ³n inyectable"/></concept><concept><code value="424711000221100"/><display value="SPUTNIK V vacuna COVID-19 vector viral no replicante"/></concept><concept><code value="424721000221105"/><display value="vacuna COVID-19 ARNm 100 mcg/0,5 ml, suspensiÃ³n inyectable"/></concept><concept><code value="424731000221108"/><display value="SPIKEVAX vacuna COVID-19 ARNm"/></concept><concept><code value="424741000221101"/><display value="vacuna COVID-19 ARNm 30 mcg/0,3 ml, suspensiÃ³n inyectable"/></concept><concept><code value="424751000221104"/><display value="COMIRNATY vacuna COVID-19 ARNm"/></concept><concept><code value="424781000221109"/><display value="CONVIDECIA vacuna COVID-19 [rAd 5 SARS-CoV-2 S 1 dosis/0,5 ml] soluciÃ³n inyectable, vial de 0,5 ml, (1 dosis), Cansino"/></concept><concept><code value="424791000221107"/><display value="CONVIDECIA vacuna COVID-19 [rAd 5 SARS-CoV-2 S 1 dosis/0,5 ml] soluciÃ³n inyectable, vial de 1,5 ml (3 dosis), Cansino"/></concept><concept><code value="424801000221108"/><display value="vacuna COVID-19 vector no replicante Adenovirus humano 5 1 dosis/0,5 ml, soluciÃ³n inyectable, vial de 1,5 ml (3 dosis)"/></concept><concept><code value="424821000221101"/><display value="SPUTNIK LIGTH vacuna COVID-19 vector viral no replicante"/></concept><concept><code value="424831000221103"/><display value="NOVAVAX vacuna COVID-19 proteÃ­na de espiga recombinante"/></concept><concept><code value="424971000221108"/><display value="ZYDUS CADILA vacuna COVID-19 ADN"/></concept><concept><code value="425001000221100"/><display value="SPUTNIK V componente I vacuna COVID-19 vector viral no replicante rAd 26"/></concept><concept><code value="425011000221102"/><display value="SPUTNIK V componente II vacuna COVID-19 vector viral no replicante rAd 5"/></concept><concept><code value="425031000221105"/><display value="VAXZEVRIA vacuna COVID-19 [ChAdOx1 SARS-CoV-2 S 1 dosis/0,5 ml] soluciÃ³n inyectable, vial de 4 ml (8 dosis), Astrazeneca"/></concept><concept><code value="425051000221101"/><display value="vacuna que contiene vector adenovirus de chimpancÃ© no replicante que codifica proteÃ­na de espiga de SARS-CoV-2 1 dosis/0,5 ml, soluciÃ³n inyectable, vial de 4 ml (8 dosis)"/></concept><concept><code value="62051000220105"/><display value="Janssen COVID-19 Vaccine 0.5 millilitre suspension injection Janssen Inc"/></concept><concept><code value="407479009"/><display value="Influenza A virus (organism)"/></concept><concept><code value="407480007"/><display value="Influenza B virus (organism)"/></concept><concept><code value="840533007"/><display value="Severe acute respiratory syndrome coronavirus 2 (organism)"/></concept><concept><code value="10828004"/><display value="Positive (qualifier value)"/></concept><concept><code value="11214006"/><display value="Reactive (qualifier value)"/></concept><concept><code value="125154007"/><display value="Specimen unsatisfactory for evaluation (finding)"/></concept><concept><code value="131194007"/><display value="Non-reactive (qualifier value)"/></concept><concept><code value="260373001"/><display value="Detected (qualifier value)"/></concept><concept><code value="260385009"/><display value="Negative (qualifier value)"/></concept><concept><code value="260415000"/><display value="Not detected (qualifier value)"/></concept><concept><code value="415684004"/><display value="Suspected (qualifier value)"/></concept><concept><code value="419984006"/><display value="Inconclusive (qualifier value)"/></concept><concept><code value="42425007"/><display value="Equivocal (qualifier value)"/></concept><concept><code value="455371000124106"/><display value="Invalid result (qualifier value)"/></concept><concept><code value="720735008"/><display value="Presumptive positive (qualifier value)"/></concept><concept><code value="82334004"/><display value="Indeterminate (qualifier value)"/></concept></CodeSystem>