{"resourceType":"ValueSet","id":"HL.TYPE","text":{"status":"generated","div":"<div xmlns=\"http://www.w3.org/1999/xhtml\"><p class=\"res-header-id\"><b>Generated Narrative: ValueSet HL.TYPE</b></p><a name=\"HL.TYPE\"> </a><a name=\"hcHL.TYPE\"> </a><ul><li>Include all codes defined in <a href=\"CodeSystem-HL.TYPE.html\"><code>http://smart.who.int/trust-phw/CodeSystem/HL.TYPE</code></a> version <span title=\"Version is not explicitly stated, which means it is fixed to the version provided in this specification\">&#x1F4E6;0.1.0</span></li></ul></div>"},"url":"http://smart.who.int/trust-phw/ValueSet/HL.TYPE","version":"0.1.0","name":"HL_TYPE","title":"HL.TYPE ValueSet ","status":"active","experimental":true,"date":"2025-10-07T06:40:24+00:00","publisher":"WHO","contact":[{"name":"WHO","telecom":[{"system":"url","value":"http://who.int"}]}],"description":"ValueSet of HL Type Codes","jurisdiction":[{"coding":[{"system":"http://unstats.un.org/unsd/methods/m49/m49.htm","code":"001","display":"World"}]}],"compose":{"include":[{"system":"http://smart.who.int/trust-phw/CodeSystem/HL.TYPE"}]}}