<?xml version="1.0" encoding="UTF-8"?>

<ValueSet xmlns="http://hl7.org/fhir">
  <id value="DDCCQRFormatValueSet"/>
  <text>
    <status value="generated"/><div xmlns="http://www.w3.org/1999/xhtml"><p class="res-header-id"><b>Generated Narrative: ValueSet DDCCQRFormatValueSet</b></p><a name="DDCCQRFormatValueSet"> </a><a name="hcDDCCQRFormatValueSet"> </a><a name="DDCCQRFormatValueSet-en-US"> </a><ul><li>Include all codes defined in <a href="CodeSystem-DDCCQRFormatCodeSystem.html"><code>http://smart.who.int/ddcc/CodeSystem/DDCCQRFormatCodeSystem</code></a></li></ul></div>
  </text>
  <url value="http://smart.who.int/ddcc/ValueSet/DDCCQRFormatValueSet"/>
  <version value="1.0.1"/>
  <name value="DDCCQRFormatValueSet"/>
  <title value="DDCC QR Format Codes"/>
  <status value="active"/>
  <date value="2024-12-18T16:46:48+01:00"/>
  <publisher value="WHO"/>
  <contact>
    <name value="WHO"/>
    <telecom>
      <system value="url"/>
      <value value="http://who.int"/>
    </telecom>
  </contact>
  <description value="Format of the representation of QR code"/>
  <jurisdiction>
    <coding>
      <system value="http://unstats.un.org/unsd/methods/m49/m49.htm"/>
      <code value="001"/>
    </coding>
  </jurisdiction>
  <compose>
    <include>
      <system value="http://smart.who.int/ddcc/CodeSystem/DDCCQRFormatCodeSystem"/>
    </include>
  </compose>
</ValueSet>