<?xml version="1.0" encoding="UTF-8"?><CodeSystem xmlns="http://hl7.org/fhir"><id value="DDCCDevicePropertyCodeSystem"/><text><status value="generated"/><div xmlns="http://www.w3.org/1999/xhtml"><p class="res-header-id"><b>Generated Narrative: CodeSystem DDCCDevicePropertyCodeSystem</b></p><a name="DDCCDevicePropertyCodeSystem"> </a><a name="hcDDCCDevicePropertyCodeSystem"> </a><a name="DDCCDevicePropertyCodeSystem-en-US"> </a><p>This case-sensitive code system <code>http://smart.who.int/ddcc/CodeSystem/DDCCDevicePropertyCodeSystem</code> defines the following codes:</p><table class="codes"><tr><td style="white-space:nowrap"><b>Code</b></td><td><b>Display</b></td></tr><tr><td style="white-space:nowrap">pathogen<a name="DDCCDevicePropertyCodeSystem-pathogen"> </a></td><td>Pathogen Targeted</td></tr><tr><td style="white-space:nowrap">brand<a name="DDCCDevicePropertyCodeSystem-brand"> </a></td><td>Test Brand</td></tr></table></div></text><url value="http://smart.who.int/ddcc/CodeSystem/DDCCDevicePropertyCodeSystem"/><version value="1.0.0"/><name value="DDCCDevicePropertyCodeSystem"/><title value="DDCC Device Property Codes"/><status value="draft"/><experimental value="false"/><date value="2024-10-15T11:00:36+02:00"/><publisher value="WHO"/><contact><name value="WHO"/><telecom><system value="url"/><value value="http://who.int"/></telecom></contact><description value="Possible properties available for devices."/><jurisdiction><coding><system value="http://unstats.un.org/unsd/methods/m49/m49.htm"/><code value="001"/></coding></jurisdiction><caseSensitive value="true"/><content value="complete"/><count value="2"/><concept><code value="pathogen"/><display value="Pathogen Targeted"/></concept><concept><code value="brand"/><display value="Test Brand"/></concept></CodeSystem>