{"resourceType":"ActivityDefinition","id":"ANCB9","extension":[{"url":"http://hl7.org/fhir/uv/cpg/StructureDefinition/cpg-knowledgeCapability","valueCode":"shareable"},{"url":"http://hl7.org/fhir/uv/cpg/StructureDefinition/cpg-knowledgeCapability","valueCode":"computable"},{"url":"http://hl7.org/fhir/uv/cpg/StructureDefinition/cpg-knowledgeCapability","valueCode":"publishable"},{"url":"http://hl7.org/fhir/uv/cpg/StructureDefinition/cpg-knowledgeRepresentationLevel","valueCode":"structured"},{"url":"http://hl7.org/fhir/uv/cpg/StructureDefinition/cpg-collectWith","valueCanonical":"http://smart.who.int/anc/Questionnaire/ANCB9"}],"url":"http://smart.who.int/anc/ActivityDefinition/ANCB9","identifier":[{"use":"official","value":"ANC.B9"}],"version":"0.3.0","name":"ANCB9","title":"ANC.B9 Conduct laboratory test and imaging","status":"active","experimental":false,"date":"2021-06-08T16:08:55-06:00","publisher":"World Health Organization (WHO)","contact":[{"telecom":[{"system":"url","value":"https://www.who.int"}]}],"description":"Health worker orders or follows up on required laboratory tests and ultrasound, as necessary. Health worker informs woman of all tests ordered and explains why.","useContext":[{"code":{"system":"http://terminology.hl7.org/CodeSystem/usage-context-type","code":"task","display":"Workflow Task"},"valueCodeableConcept":{"coding":[{"system":"http://smart.who.int/anc/CodeSystem/anc-activity-codes","code":"ANC.B9","display":"Lab tests & imaging"}]}}],"jurisdiction":[{"coding":[{"system":"http://unstats.un.org/unsd/methods/m49/m49.htm","code":"001"}]}],"kind":"Task","profile":"http://hl7.org/fhir/uv/cpg/StructureDefinition/cpg-questionnairetask","code":{"coding":[{"system":"http://hl7.org/fhir/uv/cpg/CodeSystem/cpg-activity-type","code":"collect-information","display":"Collect information"}]},"intent":"proposal","doNotPerform":false,"dynamicValue":[{"path":"input","expression":{"language":"text/cql-expression","expression":"{ type: code, value: extension('http://hl7.org/fhir/uv/cpg/StructureDefinition/cpg-collectWith').value }"}}]}