{"resourceType":"ValueSet","id":"anc-end-39","text":{"status":"generated","div":"<div xmlns=\"http://www.w3.org/1999/xhtml\"><p class=\"res-header-id\"><b>Generated Narrative: ValueSet anc-end-39</b></p><a name=\"anc-end-39\"> </a><a name=\"hcanc-end-39\"> </a><p>This value set includes codes based on the following rules:</p><ul/></div>"},"url":"http://smart.who.int/anc/ValueSet/anc-end-39","version":"0.3.0","name":"Dateofdeath","title":"Date of death","status":"draft","experimental":false,"date":"2025-07-09T22:44:47+02:00","publisher":"World Health Organization (WHO)","contact":[{"telecom":[{"system":"url","value":"https://www.who.int"}]}],"description":"Codes representing possible values for the Date of death element","jurisdiction":[{"coding":[{"system":"http://unstats.un.org/unsd/methods/m49/m49.htm","code":"001"}]}],"immutable":true}