{"resourceType":"ValueSet","id":"anc-b10-de224","text":{"status":"generated","div":"<div xmlns=\"http://www.w3.org/1999/xhtml\"><p class=\"res-header-id\"><b>Generated Narrative: ValueSet anc-b10-de224</b></p><a name=\"anc-b10-de224\"> </a><a name=\"hcanc-b10-de224\"> </a><p>This value set includes codes based on the following rules:</p><ul/></div>"},"url":"http://smart.who.int/anc/ValueSet/anc-b10-de224","version":"0.3.0","name":"Wasclientreferred","title":"Was client referred","status":"draft","experimental":false,"date":"2025-07-10T12:22:41+02:00","publisher":"World Health Organization (WHO)","contact":[{"telecom":[{"system":"url","value":"https://www.who.int"}]}],"description":"Codes representing possible values for the Was client referred element","jurisdiction":[{"coding":[{"system":"http://unstats.un.org/unsd/methods/m49/m49.htm","code":"001"}]}],"immutable":true}