<?xml version="1.0" encoding="UTF-8"?>

<Procedure xmlns="http://hl7.org/fhir">
  <id value="anc-b10-de82-example"/>
  <meta>
    <profile value="http://smart.who.int/anc/StructureDefinition/anc-b10-de82"/>
  </meta>
  <text>
    <status value="generated"/><div xmlns="http://www.w3.org/1999/xhtml"><p class="res-header-id"><b>Generated Narrative: Procedure anc-b10-de82-example</b></p><a name="anc-b10-de82-example"> </a><a name="hcanc-b10-de82-example"> </a><div style="display: inline-block; background-color: #d9e0e7; padding: 6px; margin: 4px; border: 1px solid #8da1b4; border-radius: 5px; line-height: 60%"><p style="margin-bottom: 0px"/><p style="margin-bottom: 0px">Profile: <a href="StructureDefinition-anc-b10-de82.html">Syphilis counselling, treatment and further testing</a></p></div><p><b>identifier</b>: <code>http://example.org/fhir/NamingSystem/identifiers</code>/anc-b10-de82-example (use: official, )</p><p><b>status</b>: Completed</p><p><b>code</b>: <span title="Codes:{http://smart.who.int/anc/CodeSystem/anc-custom-codes ANC.B10.DE82}, {http://hl7.org/fhir/sid/icd-10 Z71.8}, {http://id.who.int/icd11/mms QA1Y}, {http://snomed.info/sct 82191002}, {https://mitel.dimi.uniud.it/ichi/#http://id.who.int/ichi DTB.PP.ZZ}">Syphilis counselling, treatment and further testing</span></p><p><b>subject</b>: <a href="Patient-anc-patient-example.html">bkxb1u3focs0 ujm2ja8ighp1a  (no stated gender), DoB: 2021-03-10 ( dh0xw4oes8c)</a></p><p><b>encounter</b>: <a href="Encounter-anc-encounter-example.html">Encounter: identifier = http://example.org/fhir/NamingSystem/identifiers#anc-encounter-example (use: official, ); period = 2020-12-07 06:24:03-0700 --&gt; 2021-09-07 14:24:12-0600; reasonCode = Specific complaint related to antenatal care</a></p><h3>Performers</h3><table class="grid"><tr><td style="display: none">-</td><td><b>Actor</b></td></tr><tr><td style="display: none">*</td><td><a href="PractitionerRole/anc-practitionerrole-example">PractitionerRole/anc-practitionerrole-example</a></td></tr></table><p><b>location</b>: <a href="Location/anc-location-example">Location/anc-location-example</a></p></div>
  </text>
  <identifier>
    <use value="official"/>
    <system value="http://example.org/fhir/NamingSystem/identifiers"/>
    <value value="anc-b10-de82-example"/>
  </identifier>
  <status value="completed"/>
  <code>
    <coding>
      <system value="http://smart.who.int/anc/CodeSystem/anc-custom-codes"/>
      <code value="ANC.B10.DE82"/>
      <display value="Syphilis counselling, treatment and further testing"/>
    </coding>
    <coding>
      <system value="http://hl7.org/fhir/sid/icd-10"/>
      <code value="Z71.8"/>
      <display value="Other specified counselling"/>
    </coding>
    <coding>
      <system value="http://id.who.int/icd11/mms"/>
      <code value="QA1Y"/>
      <display value="Contact with health services for other specified counselling"/>
    </coding>
    <coding>
      <system value="http://snomed.info/sct"/>
      <code value="82191002"/>
      <display value="Syphilis test, qualitative (procedure)"/>
    </coding>
    <coding>
      <system value="https://mitel.dimi.uniud.it/ichi/#http://id.who.int/ichi"/>
      <code value="DTB.PP.ZZ"/>
      <display value="Counselling for functions of the immunological system"/>
    </coding>
  </code>
  <subject>
    <reference value="Patient/anc-patient-example"/>
  </subject>
  <encounter>
    <reference value="Encounter/anc-encounter-example"/>
  </encounter>
  <performer>
    <actor>
      <reference value="PractitionerRole/anc-practitionerrole-example"/>
    </actor>
  </performer>
  <location>
    <reference value="Location/anc-location-example"/>
  </location>
</Procedure>