Source File	Size	loadResources	load	generateSnapshots	load-configure	scan	loadDepInfo	loadInfo	checkR4R4B	generateNarratives	validate	loadLists	checkConformanceResources	checkConformanceResources2	checkConformanceResources3	generateLogicalMaps	validateExpressions	scanForUsageStats	checkURLsUnique	processProvenanceDetails	generate1	generate2	generateLogicals	makeDependencies	generateExampleZip	generateValidationPack	scanProfilesForR5	scanExamplesForR5
/fsh-generated/resources/ImplementationGuide-smart.who.int.base-clinical.json	16087	-	0	0	0	0	0	0	11	47	0	0	0	0	0	0	0	0	0	0	97	126	0	0	0	4	0	1
input/extensions/structuredefinition-sg-reportedLocation.json	1564	4	0	10	2	0	0	0	1	24	0	0	0	0	0	0	0	0	0	0	34	1027	0	0	0	2	0	0
input/profiles/structuredefinition-sg-allergyintolerance.json	8928	2	0	42	0	0	0	0	0	28	0	0	1	0	0	0	0	2	0	0	183	314	0	0	0	9	0	1
input/profiles/structuredefinition-sg-careplan.json	5705	3	0	48	1	0	0	0	0	25	0	0	0	0	0	0	0	1	0	0	183	313	0	0	0	9	0	1
input/profiles/structuredefinition-sg-careteam.json	5146	2	0	27	0	0	0	0	0	21	0	0	0	0	0	0	0	0	0	0	146	228	0	0	0	7	0	1
input/profiles/structuredefinition-sg-condition.json	5350	2	0	32	0	0	0	0	1	19	0	0	0	0	0	0	0	1	0	0	172	447	0	0	0	7	0	1
input/profiles/structuredefinition-sg-encounter.json	6606	2	0	48	0	0	0	0	0	26	0	0	0	0	0	0	0	0	0	0	226	313	0	0	0	8	1	1
input/profiles/structuredefinition-sg-episodeofcare.json	4567	2	0	27	0	0	0	0	0	14	0	0	0	0	0	0	0	1	0	0	116	182	0	0	0	4	0	0
input/profiles/structuredefinition-sg-group.json	1963	1	0	27	0	0	0	0	0	9	0	0	0	0	0	0	0	0	0	0	94	162	0	0	0	4	0	0
input/profiles/structuredefinition-sg-immunization.json	5111	2	0	40	0	0	0	0	0	22	0	0	1	0	0	0	0	1	0	0	184	237	0	0	0	6	0	1
input/profiles/structuredefinition-sg-immunizationnotdone.json	4177	1	0	36	0	0	0	0	0	15	0	0	0	0	0	0	0	1	0	0	163	253	0	0	0	7	0	0
input/profiles/structuredefinition-sg-location.json	4643	1	0	26	0	0	0	0	0	19	0	0	0	0	0	0	0	0	0	0	156	190	0	1	0	7	0	1
input/profiles/structuredefinition-sg-measurereport.json	3604	2	0	21	0	0	0	0	0	13	0	0	0	0	0	0	0	1	0	0	137	199	0	0	0	5	0	0
input/profiles/structuredefinition-sg-medicationnotrequested.json	6009	1	0	28	0	0	0	0	1	15	0	0	0	0	0	0	0	1	0	0	180	286	0	0	0	8	0	0
input/profiles/structuredefinition-sg-medicationrequest.json	8916	2	0	58	0	0	0	0	0	30	0	0	0	0	0	0	0	1	0	0	290	340	0	0	0	12	1	1
input/profiles/structuredefinition-sg-observation.json	7434	1	0	42	0	0	0	0	0	27	0	0	1	0	0	0	0	1	0	0	207	398	0	0	0	10	0	0
input/profiles/structuredefinition-sg-observationnotdone.json	5103	2	0	34	1	0	0	0	0	22	0	0	0	0	0	0	0	0	0	0	166	234	0	0	0	7	0	1
input/profiles/structuredefinition-sg-organization.json	4376	1	0	18	0	0	0	0	0	13	0	0	0	0	0	0	0	1	0	0	140	188	0	0	0	6	0	0
input/profiles/structuredefinition-sg-patient.json	6933	1	0	24	0	0	0	0	0	21	0	0	0	0	0	0	0	1	0	0	225	249	0	0	0	8	0	1
input/profiles/structuredefinition-sg-practitioner.json	3462	1	0	61	0	0	0	0	0	12	0	0	0	0	0	0	0	0	0	0	126	171	0	0	0	5	0	0
input/profiles/structuredefinition-sg-practitionerrole.json	4667	1	0	68	0	0	0	0	0	12	0	0	0	0	0	0	0	1	0	0	133	176	0	0	0	6	0	0
input/profiles/structuredefinition-sg-procedure.json	4326	1	0	31	0	0	0	0	1	35	0	0	0	0	0	0	0	1	0	0	159	198	0	0	0	5	1	1
input/profiles/structuredefinition-sg-procedurenotdone.json	4191	1	0	31	0	0	0	0	0	21	0	0	1	0	0	0	0	0	0	0	140	208	0	0	0	6	0	0
input/profiles/structuredefinition-sg-relatedperson.json	4289	1	0	26	0	0	0	0	0	18	0	0	0	0	0	0	0	1	0	0	131	167	0	0	0	5	0	0
input/profiles/structuredefinition-sg-servicenotrequested.json	5608	2	0	26	0	0	0	0	0	20	0	0	0	0	0	0	0	1	0	0	145	219	0	0	0	6	0	1
input/profiles/structuredefinition-sg-servicerequest.json	4462	0	0	24	0	0	0	0	0	17	0	0	0	0	0	0	0	0	0	0	133	197	0	0	0	6	0	0
input/resources/Library-WHOCommon.json	517	1	0	0	0	0	0	0	0	340	0	0	0	0	0	0	0	0	0	0	304	16	0	0	0	13	0	0
/input/includes/_append.fragment-header.html	141	-	-	-	0	0	0	0	0	0	0	0	0	0	0	0	0	0	0	0	0	1	0	0	0	0	0	0
/input/includes/menu.xml	919	-	-	-	0	0	0	0	0	0	0	0	0	0	0	0	0	0	0	0	0	0	0	0	0	0	0	0
/fsh-generated/includes/fsh-link-references.md	1558	-	-	-	0	0	0	0	0	0	0	0	0	0	0	0	0	0	0	0	0	0	0	0	0	0	0	0
/input/pagecontent/index.md	537	-	-	-	0	0	0	0	0	0	0	0	0	0	0	0	0	0	0	0	0	0	0	0	0	0	0	0
/input/pagecontent/changes.md	34	-	-	-	0	0	0	0	0	0	0	0	0	0	0	0	0	0	0	0	0	0	0	0	0	0	0	0
/input/pagecontent/downloads.md	11	-	-	-	0	0	0	0	0	0	0	0	0	0	0	0	0	0	0	0	0	0	0	0	0	0	0	0
/input/pagecontent/dak-api.md	238	-	-	-	0	0	0	0	0	0	0	0	0	0	0	0	0	0	0	0	0	0	0	0	0	0	0	0
/input/pagecontent/license.md	1434	-	-	-	0	0	0	0	0	0	0	0	0	0	0	0	0	0	0	0	0	0	0	0	0	0	0	0
/template/config	0	-	-	-	0	0	0	0	0	0	0	0	0	0	0	0	0	0	0	0	0	1	0	0	0	0	0	0
/template/config/_config.yml	140	-	-	-	0	0	0	0	0	0	0	0	0	0	0	0	0	0	0	0	0	0	0	0	0	0	0	0
/input/images	0	-	-	-	0	0	0	0	0	0	0	0	0	0	0	0	0	0	0	0	0	0	0	0	0	0	0	0
/input/images/cql.js	1333	-	-	-	0	0	0	0	0	0	0	0	0	0	0	0	0	0	0	0	0	0	0	0	0	0	0	0
/temp/pages/_includes/artifacts.xml	15332	-	-	-	-	-	-	-	-	-	-	-	-	-	-	-	-	-	-	-	-	1	0	0	0	0	0	0
