<?xml version="1.0" encoding="UTF-8"?>

<ValueSet xmlns="http://hl7.org/fhir">
  <id value="PreQualVaccineType"/>
  <text>
    <status value="generated"/><div xmlns="http://www.w3.org/1999/xhtml"><p class="res-header-id"><b>Generated Narrative: ValueSet PreQualVaccineType</b></p><a name="PreQualVaccineType"> </a><a name="hcPreQualVaccineType"> </a><ul><li>Include all codes defined in <a href="CodeSystem-PreQualVaccineType.html"><code>http://smart.who.int/pcmt-vaxprequal/CodeSystem/PreQualVaccineType</code></a></li></ul></div>
  </text>
  <url value="http://smart.who.int/pcmt-vaxprequal/ValueSet/PreQualVaccineType"/>
  <version value="0.2.0"/>
  <name value="PreQualVaccineType"/>
  <title value="WHO PreQualificaiton VaccineType "/>
  <status value="active"/>
  <date value="2025-09-16T20:38:28+00:00"/>
  <publisher value="WHO"/>
  <contact>
    <name value="WHO"/>
    <telecom>
      <system value="url"/>
      <value value="http://who.int"/>
    </telecom>
  </contact>
  <description value="WHO PreQualificaiton VaccineType"/>
  <compose>
    <include>
      <system value="http://smart.who.int/pcmt-vaxprequal/CodeSystem/PreQualVaccineType"/>
    </include>
  </compose>
</ValueSet>