<?xml version="1.0" encoding="UTF-8"?><ImplementationGuide xmlns="http://hl7.org/fhir"><id value="smart.who.int.trust-phw"/><meta><profile value="http://smart.who.int/base/StructureDefinition/SGImplementationGuide"/></meta><text><status value="generated"/><div xmlns="http://www.w3.org/1999/xhtml"><p class="res-header-id"><b>Generated Narrative: ImplementationGuide smart.who.int.trust-phw</b></p><a name="smart.who.int.trust-phw"> </a><a name="hcsmart.who.int.trust-phw"> </a><div style="display: inline-block; background-color: #d9e0e7; padding: 6px; margin: 4px; border: 1px solid #8da1b4; border-radius: 5px; line-height: 60%"><p style="margin-bottom: 0px"/><p style="margin-bottom: 0px">Profile: <a href="file://C:\work\ImplementationGuides\ig-release\who\smart-base\output/StructureDefinition-SGImplementationGuide.html">SMART Guidelines ImplementationGuide</a></p></div><h2>trustphw</h2><p>The official URL for this implementation guide is: </p><pre>http://smart.who.int/trust-phw/ImplementationGuide/smart.who.int.trust-phw</pre><div><p>Describes common workflows and specifications for usage of personal health wallets on the WHO GDHCN Trust Network</p>
</div></div></text><url value="http://smart.who.int/trust-phw/ImplementationGuide/smart.who.int.trust-phw"/><version value="0.1.0"/><name value="trustphw"/><title value="GDHCN Trust Network - Personal Health Wallet"/><status value="draft"/><experimental value="false"/><date value="2025-10-07T06:40:24+00:00"/><publisher value="WHO"/><contact><name value="WHO"/><telecom><system value="url"/><value value="http://who.int"/></telecom></contact><description value="Describes common workflows and specifications for usage of personal health wallets on the WHO GDHCN Trust Network"/><jurisdiction><coding><system value="http://unstats.un.org/unsd/methods/m49/m49.htm"/><code value="001"/><display value="World"/></coding></jurisdiction><packageId value="smart.who.int.trust-phw"/><license value="CC-BY-SA-3.0-IGO"/><fhirVersion value="4.0.1"/><dependsOn id="hl7_terminology"><uri value="http://terminology.hl7.org/ImplementationGuide/hl7.terminology"/><packageId value="hl7.terminology"/><version value="5.5.0"/></dependsOn><dependsOn id="hl7_fhir_uv_extensions_r4"><uri value="http://hl7.org/fhir/extensions/ImplementationGuide/hl7.fhir.uv.extensions"/><packageId value="hl7.fhir.uv.extensions.r4"/><version value="5.1.0"/></dependsOn><dependsOn id="hl7_fhir_uv_cql"><uri value="http://hl7.org/fhir/uv/cql/ImplementationGuide/hl7.fhir.uv.cql"/><packageId value="hl7.fhir.uv.cql"/><version value="1.0.0"/></dependsOn><dependsOn id="hl7_fhir_uv_crmi"><uri value="http://hl7.org/fhir/uv/crmi/ImplementationGuide/hl7.fhir.uv.crmi"/><packageId value="hl7.fhir.uv.crmi"/><version value="1.0.0"/></dependsOn><dependsOn id="hl7_fhir_uv_sdc"><uri value="http://hl7.org/fhir/uv/sdc/ImplementationGuide/hl7.fhir.uv.sdc"/><packageId value="hl7.fhir.uv.sdc"/><version value="3.0.0"/></dependsOn><dependsOn id="hl7_fhir_uv_cpg"><uri value="http://hl7.org/fhir/uv/cpg/ImplementationGuide/hl7.fhir.uv.cpg"/><packageId value="hl7.fhir.uv.cpg"/><version value="2.0.0"/></dependsOn><dependsOn id="hl7_fhir_us_cqfmeasures"><uri value="http://hl7.org/fhir/us/cqfmeasures/ImplementationGuide/hl7.fhir.us.cqfmeasures"/><packageId value="hl7.fhir.us.cqfmeasures"/><version value="5.0.0"/></dependsOn><dependsOn id="hl7_fhir_uv_ips"><uri value="http://hl7.org/fhir/uv/ips/ImplementationGuide/hl7.fhir.uv.ips"/><packageId value="hl7.fhir.uv.ips"/><version value="2.0.0-ballot"/></dependsOn><dependsOn id="IHE_ITI_mCSD"><uri value="https://profiles.ihe.net/ITI/mCSD/ImplementationGuide/ihe.iti.mcsd"/><packageId value="ihe.iti.mcsd"/><version value="3.8.0"/></dependsOn><dependsOn id="smart_who_int_pcmt"><uri value="http://smart.who.int/pcmt/ImplementationGuide/smart.who.int.pcmt"/><packageId value="smart.who.int.pcmt"/><version value="0.1.0"/></dependsOn><dependsOn id="sb"><extension url="http://hl7.org/fhir/5.0/StructureDefinition/extension-ImplementationGuide.dependsOn.reason"><valueMarkdown value="This IG uses SMART base computable guideline capabilities"/></extension><uri value="http://smart.who.int/base/ImplementationGuide/smart.who.int.base"/><packageId value="smart.who.int.base"/><version value="0.2.0"/></dependsOn><dependsOn id="smart_who_int_pcmt_vaxprequal"><uri value="http://smart.who.int/pcmt-vaxprequal/ImplementationGuide/smart.who.int.pcmt-vaxprequal"/><packageId value="smart.who.int.pcmt-vaxprequal"/><version value="0.2.0"/></dependsOn><definition><extension url="http://hl7.org/fhir/tools/StructureDefinition/ig-parameter"><extension url="code"><valueString value="copyrightyear"/></extension><extension url="value"><valueString value="2023+"/></extension></extension><extension url="http://hl7.org/fhir/tools/StructureDefinition/ig-parameter"><extension url="code"><valueString value="releaselabel"/></extension><extension url="value"><valueString value="release"/></extension></extension><extension url="http://hl7.org/fhir/tools/StructureDefinition/ig-parameter"><extension url="code"><valueString value="produce-jekyll-data"/></extension><extension url="value"><valueString value="true"/></extension></extension><extension url="http://hl7.org/fhir/tools/StructureDefinition/ig-parameter"><extension url="code"><valueString value="autoload-resources"/></extension><extension url="value"><valueString value="true"/></extension></extension><extension url="http://hl7.org/fhir/tools/StructureDefinition/ig-parameter"><extension url="code"><valueString value="path-liquid"/></extension><extension url="value"><valueString value="template/liquid"/></extension></extension><extension url="http://hl7.org/fhir/tools/StructureDefinition/ig-parameter"><extension url="code"><valueString value="path-liquid"/></extension><extension url="value"><valueString value="input/liquid"/></extension></extension><extension url="http://hl7.org/fhir/tools/StructureDefinition/ig-parameter"><extension url="code"><valueString value="path-qa"/></extension><extension url="value"><valueString value="temp/qa"/></extension></extension><extension url="http://hl7.org/fhir/tools/StructureDefinition/ig-parameter"><extension url="code"><valueString value="path-temp"/></extension><extension url="value"><valueString value="temp/pages"/></extension></extension><extension url="http://hl7.org/fhir/tools/StructureDefinition/ig-parameter"><extension url="code"><valueString value="path-output"/></extension><extension url="value"><valueString value="output"/></extension></extension><extension url="http://hl7.org/fhir/tools/StructureDefinition/ig-parameter"><extension url="code"><valueString value="path-suppressed-warnings"/></extension><extension url="value"><valueString value="input/ignoreWarnings.txt"/></extension></extension><extension url="http://hl7.org/fhir/tools/StructureDefinition/ig-parameter"><extension url="code"><valueString value="path-history"/></extension><extension url="value"><valueString value="http://smart.who.int/trust-phw/history.html"/></extension></extension><extension url="http://hl7.org/fhir/tools/StructureDefinition/ig-parameter"><extension url="code"><valueString value="template-html"/></extension><extension url="value"><valueString value="template-page.html"/></extension></extension><extension url="http://hl7.org/fhir/tools/StructureDefinition/ig-parameter"><extension url="code"><valueString value="template-md"/></extension><extension url="value"><valueString value="template-page-md.html"/></extension></extension><extension url="http://hl7.org/fhir/tools/StructureDefinition/ig-parameter"><extension url="code"><valueString value="apply-contact"/></extension><extension url="value"><valueString value="true"/></extension></extension><extension url="http://hl7.org/fhir/tools/StructureDefinition/ig-parameter"><extension url="code"><valueString value="apply-context"/></extension><extension url="value"><valueString value="true"/></extension></extension><extension url="http://hl7.org/fhir/tools/StructureDefinition/ig-parameter"><extension url="code"><valueString value="apply-copyright"/></extension><extension url="value"><valueString value="true"/></extension></extension><extension url="http://hl7.org/fhir/tools/StructureDefinition/ig-parameter"><extension url="code"><valueString value="apply-jurisdiction"/></extension><extension url="value"><valueString value="true"/></extension></extension><extension url="http://hl7.org/fhir/tools/StructureDefinition/ig-parameter"><extension url="code"><valueString value="apply-license"/></extension><extension url="value"><valueString value="true"/></extension></extension><extension url="http://hl7.org/fhir/tools/StructureDefinition/ig-parameter"><extension url="code"><valueString value="apply-publisher"/></extension><extension url="value"><valueString value="true"/></extension></extension><extension url="http://hl7.org/fhir/tools/StructureDefinition/ig-parameter"><extension url="code"><valueString value="apply-version"/></extension><extension url="value"><valueString value="true"/></extension></extension><extension url="http://hl7.org/fhir/tools/StructureDefinition/ig-parameter"><extension url="code"><valueString value="apply-wg"/></extension><extension url="value"><valueString value="true"/></extension></extension><extension url="http://hl7.org/fhir/tools/StructureDefinition/ig-parameter"><extension url="code"><valueString value="active-tables"/></extension><extension url="value"><valueString value="true"/></extension></extension><extension url="http://hl7.org/fhir/tools/StructureDefinition/ig-parameter"><extension url="code"><valueString value="fmm-definition"/></extension><extension url="value"><valueString value="http://hl7.org/fhir/versions.html#maturity"/></extension></extension><extension url="http://hl7.org/fhir/tools/StructureDefinition/ig-parameter"><extension url="code"><valueString value="propagate-status"/></extension><extension url="value"><valueString value="true"/></extension></extension><extension url="http://hl7.org/fhir/tools/StructureDefinition/ig-parameter"><extension url="code"><valueString value="excludelogbinaryformat"/></extension><extension url="value"><valueString value="true"/></extension></extension><extension url="http://hl7.org/fhir/tools/StructureDefinition/ig-parameter"><extension url="code"><valueString value="tabbed-snapshots"/></extension><extension url="value"><valueString value="true"/></extension></extension><extension url="http://hl7.org/fhir/tools/StructureDefinition/ig-internal-dependency"><valueCode value="hl7.fhir.uv.tools.r4#0.8.0"/></extension><extension url="http://hl7.org/fhir/tools/StructureDefinition/ig-parameter"><extension url="code"><valueCode value="copyrightyear"/></extension><extension url="value"><valueString value="2023+"/></extension></extension><extension url="http://hl7.org/fhir/tools/StructureDefinition/ig-parameter"><extension url="code"><valueCode value="releaselabel"/></extension><extension url="value"><valueString value="release"/></extension></extension><extension url="http://hl7.org/fhir/tools/StructureDefinition/ig-parameter"><extension url="code"><valueCode value="produce-jekyll-data"/></extension><extension url="value"><valueString value="true"/></extension></extension><extension url="http://hl7.org/fhir/tools/StructureDefinition/ig-parameter"><extension url="code"><valueCode value="autoload-resources"/></extension><extension url="value"><valueString value="true"/></extension></extension><extension url="http://hl7.org/fhir/tools/StructureDefinition/ig-parameter"><extension url="code"><valueCode value="path-liquid"/></extension><extension url="value"><valueString value="template/liquid"/></extension></extension><extension url="http://hl7.org/fhir/tools/StructureDefinition/ig-parameter"><extension url="code"><valueCode value="path-liquid"/></extension><extension url="value"><valueString value="input/liquid"/></extension></extension><extension url="http://hl7.org/fhir/tools/StructureDefinition/ig-parameter"><extension url="code"><valueCode value="path-qa"/></extension><extension url="value"><valueString value="temp/qa"/></extension></extension><extension url="http://hl7.org/fhir/tools/StructureDefinition/ig-parameter"><extension url="code"><valueCode value="path-temp"/></extension><extension url="value"><valueString value="temp/pages"/></extension></extension><extension url="http://hl7.org/fhir/tools/StructureDefinition/ig-parameter"><extension url="code"><valueCode value="path-output"/></extension><extension url="value"><valueString value="output"/></extension></extension><extension url="http://hl7.org/fhir/tools/StructureDefinition/ig-parameter"><extension url="code"><valueCode value="path-suppressed-warnings"/></extension><extension url="value"><valueString value="input/ignoreWarnings.txt"/></extension></extension><extension url="http://hl7.org/fhir/tools/StructureDefinition/ig-parameter"><extension url="code"><valueCode value="path-history"/></extension><extension url="value"><valueString value="http://smart.who.int/trust-phw/history.html"/></extension></extension><extension url="http://hl7.org/fhir/tools/StructureDefinition/ig-parameter"><extension url="code"><valueCode value="template-html"/></extension><extension url="value"><valueString value="template-page.html"/></extension></extension><extension url="http://hl7.org/fhir/tools/StructureDefinition/ig-parameter"><extension url="code"><valueCode value="template-md"/></extension><extension url="value"><valueString value="template-page-md.html"/></extension></extension><extension url="http://hl7.org/fhir/tools/StructureDefinition/ig-parameter"><extension url="code"><valueCode value="apply-contact"/></extension><extension url="value"><valueString value="true"/></extension></extension><extension url="http://hl7.org/fhir/tools/StructureDefinition/ig-parameter"><extension url="code"><valueCode value="apply-context"/></extension><extension url="value"><valueString value="true"/></extension></extension><extension url="http://hl7.org/fhir/tools/StructureDefinition/ig-parameter"><extension url="code"><valueCode value="apply-copyright"/></extension><extension url="value"><valueString value="true"/></extension></extension><extension url="http://hl7.org/fhir/tools/StructureDefinition/ig-parameter"><extension url="code"><valueCode value="apply-jurisdiction"/></extension><extension url="value"><valueString value="true"/></extension></extension><extension url="http://hl7.org/fhir/tools/StructureDefinition/ig-parameter"><extension url="code"><valueCode value="apply-license"/></extension><extension url="value"><valueString value="true"/></extension></extension><extension url="http://hl7.org/fhir/tools/StructureDefinition/ig-parameter"><extension url="code"><valueCode value="apply-publisher"/></extension><extension url="value"><valueString value="true"/></extension></extension><extension url="http://hl7.org/fhir/tools/StructureDefinition/ig-parameter"><extension url="code"><valueCode value="apply-version"/></extension><extension url="value"><valueString value="true"/></extension></extension><extension url="http://hl7.org/fhir/tools/StructureDefinition/ig-parameter"><extension url="code"><valueCode value="apply-wg"/></extension><extension url="value"><valueString value="true"/></extension></extension><extension url="http://hl7.org/fhir/tools/StructureDefinition/ig-parameter"><extension url="code"><valueCode value="active-tables"/></extension><extension url="value"><valueString value="true"/></extension></extension><extension url="http://hl7.org/fhir/tools/StructureDefinition/ig-parameter"><extension url="code"><valueCode value="fmm-definition"/></extension><extension url="value"><valueString value="http://hl7.org/fhir/versions.html#maturity"/></extension></extension><extension url="http://hl7.org/fhir/tools/StructureDefinition/ig-parameter"><extension url="code"><valueCode value="propagate-status"/></extension><extension url="value"><valueString value="true"/></extension></extension><extension url="http://hl7.org/fhir/tools/StructureDefinition/ig-parameter"><extension url="code"><valueCode value="excludelogbinaryformat"/></extension><extension url="value"><valueString value="true"/></extension></extension><extension url="http://hl7.org/fhir/tools/StructureDefinition/ig-parameter"><extension url="code"><valueCode value="tabbed-snapshots"/></extension><extension url="value"><valueString value="true"/></extension></extension><extension url="http://hl7.org/fhir/tools/StructureDefinition/ig-parameter"><extension url="code"><valueCode value="copyrightyear"/></extension><extension url="value"><valueString value="2023+"/></extension></extension><extension url="http://hl7.org/fhir/tools/StructureDefinition/ig-parameter"><extension url="code"><valueCode value="releaselabel"/></extension><extension url="value"><valueString value="release"/></extension></extension><extension url="http://hl7.org/fhir/tools/StructureDefinition/ig-parameter"><extension url="code"><valueCode value="produce-jekyll-data"/></extension><extension url="value"><valueString value="true"/></extension></extension><extension url="http://hl7.org/fhir/tools/StructureDefinition/ig-parameter"><extension url="code"><valueCode value="autoload-resources"/></extension><extension url="value"><valueString value="true"/></extension></extension><extension url="http://hl7.org/fhir/tools/StructureDefinition/ig-parameter"><extension url="code"><valueCode value="path-liquid"/></extension><extension url="value"><valueString value="template/liquid"/></extension></extension><extension url="http://hl7.org/fhir/tools/StructureDefinition/ig-parameter"><extension url="code"><valueCode value="path-liquid"/></extension><extension url="value"><valueString value="input/liquid"/></extension></extension><extension url="http://hl7.org/fhir/tools/StructureDefinition/ig-parameter"><extension url="code"><valueCode value="path-qa"/></extension><extension url="value"><valueString value="temp/qa"/></extension></extension><extension url="http://hl7.org/fhir/tools/StructureDefinition/ig-parameter"><extension url="code"><valueCode value="path-temp"/></extension><extension url="value"><valueString value="temp/pages"/></extension></extension><extension url="http://hl7.org/fhir/tools/StructureDefinition/ig-parameter"><extension url="code"><valueCode value="path-output"/></extension><extension url="value"><valueString value="output"/></extension></extension><extension url="http://hl7.org/fhir/tools/StructureDefinition/ig-parameter"><extension url="code"><valueCode value="path-suppressed-warnings"/></extension><extension url="value"><valueString value="input/ignoreWarnings.txt"/></extension></extension><extension url="http://hl7.org/fhir/tools/StructureDefinition/ig-parameter"><extension url="code"><valueCode value="path-history"/></extension><extension url="value"><valueString value="http://smart.who.int/trust-phw/history.html"/></extension></extension><extension url="http://hl7.org/fhir/tools/StructureDefinition/ig-parameter"><extension url="code"><valueCode value="template-html"/></extension><extension url="value"><valueString value="template-page.html"/></extension></extension><extension url="http://hl7.org/fhir/tools/StructureDefinition/ig-parameter"><extension url="code"><valueCode value="template-md"/></extension><extension url="value"><valueString value="template-page-md.html"/></extension></extension><extension url="http://hl7.org/fhir/tools/StructureDefinition/ig-parameter"><extension url="code"><valueCode value="apply-contact"/></extension><extension url="value"><valueString value="true"/></extension></extension><extension url="http://hl7.org/fhir/tools/StructureDefinition/ig-parameter"><extension url="code"><valueCode value="apply-context"/></extension><extension url="value"><valueString value="true"/></extension></extension><extension url="http://hl7.org/fhir/tools/StructureDefinition/ig-parameter"><extension url="code"><valueCode value="apply-copyright"/></extension><extension url="value"><valueString value="true"/></extension></extension><extension url="http://hl7.org/fhir/tools/StructureDefinition/ig-parameter"><extension url="code"><valueCode value="apply-jurisdiction"/></extension><extension url="value"><valueString value="true"/></extension></extension><extension url="http://hl7.org/fhir/tools/StructureDefinition/ig-parameter"><extension url="code"><valueCode value="apply-license"/></extension><extension url="value"><valueString value="true"/></extension></extension><extension url="http://hl7.org/fhir/tools/StructureDefinition/ig-parameter"><extension url="code"><valueCode value="apply-publisher"/></extension><extension url="value"><valueString value="true"/></extension></extension><extension url="http://hl7.org/fhir/tools/StructureDefinition/ig-parameter"><extension url="code"><valueCode value="apply-version"/></extension><extension url="value"><valueString value="true"/></extension></extension><extension url="http://hl7.org/fhir/tools/StructureDefinition/ig-parameter"><extension url="code"><valueCode value="apply-wg"/></extension><extension url="value"><valueString value="true"/></extension></extension><extension url="http://hl7.org/fhir/tools/StructureDefinition/ig-parameter"><extension url="code"><valueCode value="active-tables"/></extension><extension url="value"><valueString value="true"/></extension></extension><extension url="http://hl7.org/fhir/tools/StructureDefinition/ig-parameter"><extension url="code"><valueCode value="fmm-definition"/></extension><extension url="value"><valueString value="http://hl7.org/fhir/versions.html#maturity"/></extension></extension><extension url="http://hl7.org/fhir/tools/StructureDefinition/ig-parameter"><extension url="code"><valueCode value="propagate-status"/></extension><extension url="value"><valueString value="true"/></extension></extension><extension url="http://hl7.org/fhir/tools/StructureDefinition/ig-parameter"><extension url="code"><valueCode value="excludelogbinaryformat"/></extension><extension url="value"><valueString value="true"/></extension></extension><extension url="http://hl7.org/fhir/tools/StructureDefinition/ig-parameter"><extension url="code"><valueCode value="tabbed-snapshots"/></extension><extension url="value"><valueString value="true"/></extension></extension><grouping id="-req-actordefinition"><name value="Requirements: Actor Definitions"/><description value="The following artifacts define the types of individuals and/or systems that will interact as part of the use cases covered by this implementation guide."/></grouping><grouping id="-req-requirements"><name value="Requirements: Formal Requirements"/><description value="The following artifacts describe the specific requirements to be met by systems compliant with the implementation guide."/></grouping><grouping id="-str-logicalmodel"><name value="Structures: Logical Models"/><description value="These define data models that represent the domain covered by this implementation guide in more business-friendly terms than the underlying FHIR resources."/></grouping><grouping id="-str-questionnaire"><name value="Structures: Questionnaires"/><description value="These define forms used by systems conforming to this implementation guide to capture or expose data to end users."/></grouping><grouping id="-str-profile"><name value="Structures: Resource Profiles"/><description value="These define constraints on FHIR resources for systems conforming to this implementation guide."/></grouping><grouping id="-str-extension"><name value="Structures: Extension Definitions"/><description value="These define constraints on FHIR data types for systems conforming to this implementation guide."/></grouping><grouping id="-term-valueset"><name value="Terminology: Value Sets"/><description value="These define sets of codes used by systems conforming to this implementation guide."/></grouping><grouping id="-term-codesystem"><name value="Terminology: Code Systems"/><description value="These define new code systems used by systems conforming to this implementation guide."/></grouping><grouping id="-ex-example"><name value="Example: Example Instances"/><description value="These are example instances that show what data produced and consumed by systems conforming with this implementation guide might look like."/></grouping><resource><extension url="http://hl7.org/fhir/tools/StructureDefinition/resource-sort"><valueInteger value="999999999"/></extension><extension url="http://hl7.org/fhir/StructureDefinition/implementationguide-page"><valueUri value="ActorDefinition-ConsentRegistry.html"/></extension><reference><reference value="ActorDefinition/ConsentRegistry"/></reference><name value="Consent Registry"/><description value="[IHE PCF Consent Registry](https://profiles.ihe.net/ITI/PCF/volume-1.html#153112-consent-registry) actor"/><exampleBoolean value="false"/><groupingId value="-req-actordefinition"/></resource><resource><extension url="http://hl7.org/fhir/tools/StructureDefinition/resource-sort"><valueInteger value="999999999"/></extension><extension url="http://hl7.org/fhir/StructureDefinition/implementationguide-page"><valueUri value="ActorDefinition-Holder.html"/></extension><reference><reference value="ActorDefinition/Holder"/></reference><name value="Holder"/><description value="Holder (person) of [Verifiable Health Certificate](https://smart.who.int/trust/concepts.html#verifiable-digital-health-certificate) or [Verifiable Health Link](https://build.fhir.org/ig/IHE/ITI.VHL/branches/master/index.html)"/><exampleBoolean value="false"/><groupingId value="-req-actordefinition"/></resource><resource><extension url="http://hl7.org/fhir/tools/StructureDefinition/resource-sort"><valueInteger value="999999999"/></extension><extension url="http://hl7.org/fhir/StructureDefinition/implementationguide-page"><valueUri value="ActorDefinition-Issuer.html"/></extension><reference><reference value="ActorDefinition/Issuer"/></reference><name value="Issuer"/><description value="Issuer (system) of [Verifiable Health Certificate](https://smart.who.int/trust/concepts.html#verifiable-digital-health-certificate) or [Verifiable Health Link](https://build.fhir.org/ig/IHE/ITI.VHL/branches/master/index.html)"/><exampleBoolean value="false"/><groupingId value="-req-actordefinition"/></resource><resource><extension url="http://hl7.org/fhir/tools/StructureDefinition/resource-sort"><valueInteger value="999999999"/></extension><extension url="http://hl7.org/fhir/StructureDefinition/implementationguide-page"><valueUri value="ActorDefinition-Receiver.html"/></extension><reference><reference value="ActorDefinition/Receiver"/></reference><name value="Receiver"/><description value="Receiver (system) of [Verifiable Health Certificate](https://smart.who.int/trust/concepts.html#verifiable-digital-health-certificate) or [Verifiable Health Link](https://build.fhir.org/ig/IHE/ITI.VHL/branches/master/index.html)"/><exampleBoolean value="false"/><groupingId value="-req-actordefinition"/></resource><resource><extension url="http://hl7.org/fhir/tools/StructureDefinition/resource-sort"><valueInteger value="999999999"/></extension><extension url="http://hl7.org/fhir/StructureDefinition/implementationguide-page"><valueUri value="ActorDefinition-TrustNetworkAnchor.html"/></extension><reference><reference value="ActorDefinition/TrustNetworkAnchor"/></reference><name value="Trust Network Anchor"/><description value="Trust Anchor which receives and distributes PKI-material within a Trust Network"/><exampleBoolean value="false"/><groupingId value="-req-actordefinition"/></resource><resource><extension url="http://hl7.org/fhir/tools/StructureDefinition/resource-sort"><valueInteger value="999999999"/></extension><extension url="http://hl7.org/fhir/StructureDefinition/implementationguide-page"><valueUri value="ActorDefinition-TrustNetworkParticipant.html"/></extension><reference><reference value="ActorDefinition/TrustNetworkParticipant"/></reference><name value="Trust Network Participant"/><description value="Trust Network Participant which publishes and or receives PKI-material within a Trust Network"/><exampleBoolean value="false"/><groupingId value="-req-actordefinition"/></resource><resource><extension url="http://hl7.org/fhir/tools/StructureDefinition/resource-sort"><valueInteger value="999999999"/></extension><extension url="http://hl7.org/fhir/StructureDefinition/implementationguide-page"><valueUri value="Requirements-accept-mtls-connection.html"/></extension><reference><reference value="Requirements/accept-mtls-connection"/></reference><name value="Accept mTLS"/><description value="Accept an mTLS in order to conduct further transactions under a secure channel"/><exampleBoolean value="false"/><groupingId value="-req-requirements"/></resource><resource><extension url="http://hl7.org/fhir/tools/StructureDefinition/resource-sort"><valueInteger value="999999999"/></extension><extension url="http://hl7.org/fhir/StructureDefinition/implementationguide-page"><valueUri value="Requirements-distribute-pki-material.html"/></extension><reference><reference value="Requirements/distribute-pki-material"/></reference><name value="Distribute PKI material"/><description value="Make received trust material available through a distrubution point to a Trust Network Participant"/><exampleBoolean value="false"/><groupingId value="-req-requirements"/></resource><resource><extension url="http://hl7.org/fhir/tools/StructureDefinition/resource-sort"><valueInteger value="999999999"/></extension><extension url="http://hl7.org/fhir/StructureDefinition/implementationguide-page"><valueUri value="Requirements-initiate-mtls-connection.html"/></extension><reference><reference value="Requirements/initiate-mtls-connection"/></reference><name value="Initiate mTLS"/><description value="Initiate an mTLS in order to conduct further transactions under a secure channel"/><exampleBoolean value="false"/><groupingId value="-req-requirements"/></resource><resource><extension url="http://hl7.org/fhir/tools/StructureDefinition/resource-sort"><valueInteger value="999999999"/></extension><extension url="http://hl7.org/fhir/StructureDefinition/implementationguide-page"><valueUri value="Requirements-provide-a-vhl-to-a-receiver.html"/></extension><reference><reference value="Requirements/provide-a-vhl-to-a-receiver"/></reference><name value="Provide VHL or VDHC"/><description value="Is able to provide a VHL authorization mechanism or a VDHC to a VHL Receiver"/><exampleBoolean value="false"/><groupingId value="-req-requirements"/></resource><resource><extension url="http://hl7.org/fhir/tools/StructureDefinition/resource-sort"><valueInteger value="999999999"/></extension><extension url="http://hl7.org/fhir/StructureDefinition/implementationguide-page"><valueUri value="Requirements-publish-pki-material.html"/></extension><reference><reference value="Requirements/publish-pki-material"/></reference><name value="Publish PKI material"/><description value="Publish trust material to a Trust Anchor"/><exampleBoolean value="false"/><groupingId value="-req-requirements"/></resource><resource><extension url="http://hl7.org/fhir/tools/StructureDefinition/resource-sort"><valueInteger value="999999999"/></extension><extension url="http://hl7.org/fhir/StructureDefinition/implementationguide-page"><valueUri value="Requirements-receive-pki-material.html"/></extension><reference><reference value="Requirements/receive-pki-material"/></reference><name value="Receive PKI material"/><description value="Receive trust material from a Trust Network Participant, for distribution within the Trust Network"/><exampleBoolean value="false"/><groupingId value="-req-requirements"/></resource><resource><extension url="http://hl7.org/fhir/tools/StructureDefinition/resource-sort"><valueInteger value="999999999"/></extension><extension url="http://hl7.org/fhir/StructureDefinition/implementationguide-page"><valueUri value="Requirements-receive-a-vhl.html"/></extension><reference><reference value="Requirements/receive-a-vhl"/></reference><name value="Receive VHL or VDHC"/><description value="Is able to receive a VHL authorization mechanism or a VDHC from a Holder"/><exampleBoolean value="false"/><groupingId value="-req-requirements"/></resource><resource><extension url="http://hl7.org/fhir/tools/StructureDefinition/resource-sort"><valueInteger value="999999999"/></extension><extension url="http://hl7.org/fhir/StructureDefinition/implementationguide-page"><valueUri value="Requirements-retrieve-pki-material.html"/></extension><reference><reference value="Requirements/retrieve-pki-material"/></reference><name value="Retrieve PKI material"/><description value="Retrieve PKI material from a distribution point"/><exampleBoolean value="false"/><groupingId value="-req-requirements"/></resource><resource><extension url="http://hl7.org/fhir/tools/StructureDefinition/resource-sort"><valueInteger value="999999999"/></extension><extension url="http://hl7.org/fhir/StructureDefinition/implementationguide-page"><valueUri value="StructureDefinition-DVC.html"/></extension><reference><reference value="StructureDefinition/DVC"/></reference><name value="DVC"/><description value="Data elements for Digital Vaccination Certificate."/><exampleBoolean value="false"/><groupingId value="-str-logicalmodel"/></resource><resource><extension url="http://hl7.org/fhir/tools/StructureDefinition/resource-sort"><valueInteger value="999999999"/></extension><extension url="http://hl7.org/fhir/StructureDefinition/implementationguide-page"><valueUri value="StructureDefinition-VaccineDetails.html"/></extension><reference><reference value="StructureDefinition/VaccineDetails"/></reference><name value="DVC - Vaccine Details"/><description value="Vaccine Data elements for the Digital Vaccination Certificates"/><exampleBoolean value="false"/><groupingId value="-str-logicalmodel"/></resource><resource><extension url="http://hl7.org/fhir/tools/StructureDefinition/resource-sort"><valueInteger value="999999999"/></extension><extension url="http://hl7.org/fhir/StructureDefinition/implementationguide-page"><valueUri value="StructureDefinition-DVCMin.html"/></extension><reference><reference value="StructureDefinition/DVCMin"/></reference><name value="DVC HCERT Payload"/><description value="Mininmial DVC payload for use within an HCERT Payload"/><exampleBoolean value="false"/><groupingId value="-str-logicalmodel"/></resource><resource><extension url="http://hl7.org/fhir/tools/StructureDefinition/resource-sort"><valueInteger value="999999999"/></extension><extension url="http://hl7.org/fhir/StructureDefinition/implementationguide-page"><valueUri value="StructureDefinition-DVCMinVaccineDetailsPreQual.html"/></extension><reference><reference value="StructureDefinition/DVCMinVaccineDetailsPreQual"/></reference><name value="DVC HCERT Payload for PreQual DB"/><description value="DVC payload for a minimal DVC for use within an HCERT Payload using the WHO PreQual Vaccine Database"/><exampleBoolean value="false"/><groupingId value="-str-logicalmodel"/></resource><resource><extension url="http://hl7.org/fhir/tools/StructureDefinition/resource-sort"><valueInteger value="999999999"/></extension><extension url="http://hl7.org/fhir/StructureDefinition/implementationguide-page"><valueUri value="StructureDefinition-DVCMinVaccineDetails.html"/></extension><reference><reference value="StructureDefinition/DVCMinVaccineDetails"/></reference><name value="DVC HCert Vaccine Details (Minimal)"/><description value="DVC Vaccine Details for a ininmial DVC payload for use within an HCERT Payload"/><exampleBoolean value="false"/><groupingId value="-str-logicalmodel"/></resource><resource><extension url="http://hl7.org/fhir/tools/StructureDefinition/resource-sort"><valueInteger value="999999999"/></extension><extension url="http://hl7.org/fhir/StructureDefinition/implementationguide-page"><valueUri value="StructureDefinition-VaccineDetailsSD.html"/></extension><reference><reference value="StructureDefinition/VaccineDetailsSD"/></reference><name value="DVC Vaccine Details with Selective Disclosure"/><description value="DVC Vaccine Details with Selective Disclosure"/><exampleBoolean value="false"/><groupingId value="-str-logicalmodel"/></resource><resource><extension url="http://hl7.org/fhir/tools/StructureDefinition/resource-sort"><valueInteger value="999999999"/></extension><extension url="http://hl7.org/fhir/StructureDefinition/implementationguide-page"><valueUri value="StructureDefinition-DVCMinPreQual.html"/></extension><reference><reference value="StructureDefinition/DVCMinPreQual"/></reference><name value="DVCMinPreQual"/><description value="DVC payload mininmized  for use within an HCERT Payload with the WHO PreQual Vaccine Database"/><exampleBoolean value="false"/><groupingId value="-str-logicalmodel"/></resource><resource><extension url="http://hl7.org/fhir/tools/StructureDefinition/resource-sort"><valueInteger value="999999999"/></extension><extension url="http://hl7.org/fhir/StructureDefinition/implementationguide-page"><valueUri value="StructureDefinition-HealthLinkPayload.html"/></extension><reference><reference value="StructureDefinition/HealthLinkPayload"/></reference><name value="Health Link Payload (DRAFT)"/><description value="Health Link Payload (DRAFT)&#xA;&#xA;A Health Link URI is generated from this payload according to the algorithm documented [here](https://build.fhir.org/ig/HL7/smart-health-cards-and-links/links-specification.html#smart-health-links-sharing-application-generates-a-smart-health-link-uri)"/><exampleBoolean value="false"/><groupingId value="-str-logicalmodel"/></resource><resource><extension url="http://hl7.org/fhir/tools/StructureDefinition/resource-sort"><valueInteger value="999999999"/></extension><extension url="http://hl7.org/fhir/StructureDefinition/implementationguide-page"><valueUri value="StructureDefinition-PreQualDVC.html"/></extension><reference><reference value="StructureDefinition/PreQualDVC"/></reference><name value="PreQual"/><description value="Data elements for the Digital Vaccine Certificate using WHO Vaccine PreQualification database"/><exampleBoolean value="false"/><groupingId value="-str-logicalmodel"/></resource><resource><extension url="http://hl7.org/fhir/tools/StructureDefinition/resource-sort"><valueInteger value="999999999"/></extension><extension url="http://hl7.org/fhir/StructureDefinition/implementationguide-page"><valueUri value="StructureDefinition-PreQualVaccineDetails.html"/></extension><reference><reference value="StructureDefinition/PreQualVaccineDetails"/></reference><name value="PreQual - Vaccine Details"/><description value="Vaccine Data elements from the Pre Qual Database"/><exampleBoolean value="false"/><groupingId value="-str-logicalmodel"/></resource><resource><extension url="http://hl7.org/fhir/tools/StructureDefinition/resource-sort"><valueInteger value="999999999"/></extension><extension url="http://hl7.org/fhir/StructureDefinition/implementationguide-page"><valueUri value="StructureDefinition-SMARTHealthLinkPayload.html"/></extension><reference><reference value="StructureDefinition/SMARTHealthLinkPayload"/></reference><name value="SMART Health Link Payload (DRAFT)"/><description value="SMART Health Link Payload (DRAFT)&#xA;&#xA;This logical model constrains the Health Link Payload for a SMART Health Link&#xA;&#xA;A SMART Health Link URI is generated from this payload according to the algorithm documented [here](https://build.fhir.org/ig/HL7/smart-health-cards-and-links/links-specification.html#smart-health-links-sharing-application-generates-a-smart-health-link-uri)"/><exampleBoolean value="false"/><groupingId value="-str-logicalmodel"/></resource><resource><extension url="http://hl7.org/fhir/tools/StructureDefinition/resource-sort"><valueInteger value="999999999"/></extension><extension url="http://hl7.org/fhir/StructureDefinition/implementationguide-page"><valueUri value="StructureDefinition-SmartHealthLink.html"/></extension><reference><reference value="StructureDefinition/SmartHealthLink"/></reference><name value="Smart Health Link (DRAFT)"/><description value="Smart Health Link URI (DRAFT)&#xA;&#xA;Logical Model to represent a SMART Health Link as its URI.  It is generated from the content of the SMART Health Link Payload."/><exampleBoolean value="false"/><groupingId value="-str-logicalmodel"/></resource><resource><extension url="http://hl7.org/fhir/tools/StructureDefinition/resource-sort"><valueInteger value="999999999"/></extension><extension url="http://hl7.org/fhir/StructureDefinition/implementationguide-page"><valueUri value="StructureDefinition-VerifiableHealthLinkPayload.html"/></extension><reference><reference value="StructureDefinition/VerifiableHealthLinkPayload"/></reference><name value="Verifiable Health Link Payload (DRAFT)"/><description value="Verifiable Health Link Payload (DRAFT)&#xA;&#xA;This logical model constrains the Health Link Payload for a Verifiable Health Link"/><exampleBoolean value="false"/><groupingId value="-str-logicalmodel"/></resource><resource><extension url="http://hl7.org/fhir/tools/StructureDefinition/resource-sort"><valueInteger value="999999999"/></extension><extension url="http://hl7.org/fhir/StructureDefinition/implementationguide-page"><valueUri value="Questionnaire-PreQual.html"/></extension><reference><reference value="Questionnaire/PreQual"/></reference><name value="DVC Model Questionnaire"/><description value="Questionnaire for DVC Logical Model with the WHO PreQual DB"/><exampleBoolean value="false"/><groupingId value="-str-questionnaire"/></resource><resource><extension url="http://hl7.org/fhir/tools/StructureDefinition/resource-sort"><valueInteger value="999999999"/></extension><extension url="http://hl7.org/fhir/StructureDefinition/implementationguide-page"><valueUri value="StructureDefinition-Immunization-uv-ips-DVC.html"/></extension><reference><reference value="StructureDefinition/Immunization-uv-ips-DVC"/></reference><name value="DVC - Profile for Digitial Vaccination Cards for Immunization for IPS.  Note that no Product Catalog has been set"/><description value="This profile represents an IPS Immunization record that can be mapped onto a Digital Vaccine Certificates using the WHO PreQual Database"/><exampleBoolean value="false"/><groupingId value="-str-profile"/></resource><resource><extension url="http://hl7.org/fhir/tools/StructureDefinition/resource-sort"><valueInteger value="999999999"/></extension><extension url="http://hl7.org/fhir/StructureDefinition/implementationguide-page"><valueUri value="StructureDefinition-Immunization-uv-ips-PreQual.html"/></extension><reference><reference value="StructureDefinition/Immunization-uv-ips-PreQual"/></reference><name value="DVC - WHO PreQual Immunization for IPS"/><description value="This profile represents an IPS Immunization record that can be mapped onto a Digital Vaccine Certificates using the WHO PreQual Database"/><exampleBoolean value="false"/><groupingId value="-str-profile"/></resource><resource><extension url="http://hl7.org/fhir/tools/StructureDefinition/resource-sort"><valueInteger value="999999999"/></extension><extension url="http://hl7.org/fhir/StructureDefinition/implementationguide-page"><valueUri value="StructureDefinition-Bundle-uv-ips-DVC.html"/></extension><reference><reference value="StructureDefinition/Bundle-uv-ips-DVC"/></reference><name value="DVC Certificate - DVC Bundle for Digital Vaccine Certificates"/><description value="Profile of the IPS Bundle for representing digital vaccination certificates"/><exampleBoolean value="false"/><groupingId value="-str-profile"/></resource><resource><extension url="http://hl7.org/fhir/tools/StructureDefinition/resource-sort"><valueInteger value="999999999"/></extension><extension url="http://hl7.org/fhir/StructureDefinition/implementationguide-page"><valueUri value="StructureDefinition-Bundle-uv-ips-PreQual.html"/></extension><reference><reference value="StructureDefinition/Bundle-uv-ips-PreQual"/></reference><name value="DVC Certificate - IPS Bundle for WHO PreQual Databae"/><description value="Profile of the IPS Bundle for representing digital vaccination certificates from WHO PreQual Databae"/><exampleBoolean value="false"/><groupingId value="-str-profile"/></resource><resource><extension url="http://hl7.org/fhir/tools/StructureDefinition/resource-sort"><valueInteger value="999999999"/></extension><extension url="http://hl7.org/fhir/StructureDefinition/implementationguide-page"><valueUri value="StructureDefinition-Composition-uv-ips-DVC.html"/></extension><reference><reference value="StructureDefinition/Composition-uv-ips-DVC"/></reference><name value="DVC Certificate - IPS Composition "/><description value="Profile of the IPS Composition for representing digital vaccination certificates with"/><exampleBoolean value="false"/><groupingId value="-str-profile"/></resource><resource><extension url="http://hl7.org/fhir/tools/StructureDefinition/resource-sort"><valueInteger value="999999999"/></extension><extension url="http://hl7.org/fhir/StructureDefinition/implementationguide-page"><valueUri value="StructureDefinition-Composition-uv-ips-PreQual.html"/></extension><reference><reference value="StructureDefinition/Composition-uv-ips-PreQual"/></reference><name value="DVC Certificate - IPS Composition for WHO PreQual Database"/><description value="Profile of the IPS Composition for representing digital vaccination certificates with WHO PreQual Database"/><exampleBoolean value="false"/><groupingId value="-str-profile"/></resource><resource><extension url="http://hl7.org/fhir/tools/StructureDefinition/resource-sort"><valueInteger value="999999999"/></extension><extension url="http://hl7.org/fhir/StructureDefinition/implementationguide-page"><valueUri value="StructureDefinition-DVCImmunization.html"/></extension><reference><reference value="StructureDefinition/DVCImmunization"/></reference><name value="DVC Immunization"/><description value="This profile represents a vaccination record for Digital Vaccine Certificates"/><exampleBoolean value="false"/><groupingId value="-str-profile"/></resource><resource><extension url="http://hl7.org/fhir/tools/StructureDefinition/resource-sort"><valueInteger value="999999999"/></extension><extension url="http://hl7.org/fhir/StructureDefinition/implementationguide-page"><valueUri value="StructureDefinition-DVCSDImmunization.html"/></extension><reference><reference value="StructureDefinition/DVCSDImmunization"/></reference><name value="DVC Immunization with Selective Disclosure"/><description value="DVC Immunization with Selective Disclosure"/><exampleBoolean value="false"/><groupingId value="-str-profile"/></resource><resource><extension url="http://hl7.org/fhir/tools/StructureDefinition/resource-sort"><valueInteger value="999999999"/></extension><extension url="http://hl7.org/fhir/StructureDefinition/implementationguide-page"><valueUri value="StructureDefinition-DVCPatient.html"/></extension><reference><reference value="StructureDefinition/DVCPatient"/></reference><name value="DVC Patient"/><description value="DVC Patient"/><exampleBoolean value="false"/><groupingId value="-str-profile"/></resource><resource><extension url="http://hl7.org/fhir/tools/StructureDefinition/resource-sort"><valueInteger value="999999999"/></extension><extension url="http://hl7.org/fhir/StructureDefinition/implementationguide-page"><valueUri value="StructureDefinition-DVCSDPatient.html"/></extension><reference><reference value="StructureDefinition/DVCSDPatient"/></reference><name value="DVC Patient with Selective Disclosure"/><description value="DVC Patient with Selective Disclosure"/><exampleBoolean value="false"/><groupingId value="-str-profile"/></resource><resource><extension url="http://hl7.org/fhir/tools/StructureDefinition/resource-sort"><valueInteger value="999999999"/></extension><extension url="http://hl7.org/fhir/StructureDefinition/implementationguide-page"><valueUri value="StructureDefinition-DVCSDBundle.html"/></extension><reference><reference value="StructureDefinition/DVCSDBundle"/></reference><name value="DVC document Bundle with Selective Disclosure"/><description value="DVC document Bundle with Selective Disclosure for each entry"/><exampleBoolean value="false"/><groupingId value="-str-profile"/></resource><resource><extension url="http://hl7.org/fhir/tools/StructureDefinition/resource-sort"><valueInteger value="999999999"/></extension><extension url="http://hl7.org/fhir/StructureDefinition/implementationguide-page"><valueUri value="StructureDefinition-DVCBundle.html"/></extension><reference><reference value="StructureDefinition/DVCBundle"/></reference><name value="Digital Vaccination Certificate - Bundle"/><description value="Digital Vaccination Certificate - Bundle"/><exampleBoolean value="false"/><groupingId value="-str-profile"/></resource><resource><extension url="http://hl7.org/fhir/tools/StructureDefinition/resource-sort"><valueInteger value="999999999"/></extension><extension url="http://hl7.org/fhir/StructureDefinition/implementationguide-page"><valueUri value="StructureDefinition-DVCComposition.html"/></extension><reference><reference value="StructureDefinition/DVCComposition"/></reference><name value="Digital Vaccination Certificate - Composition"/><description value="Digital Vaccination Certificate - Composition"/><exampleBoolean value="false"/><groupingId value="-str-profile"/></resource><resource><extension url="http://hl7.org/fhir/tools/StructureDefinition/resource-sort"><valueInteger value="999999999"/></extension><extension url="http://hl7.org/fhir/StructureDefinition/implementationguide-page"><valueUri value="StructureDefinition-DVCSDComposition.html"/></extension><reference><reference value="StructureDefinition/DVCSDComposition"/></reference><name value="Digital Vaccination Certificate - Composition"/><description value="Digital Vaccination Certificate - Composition"/><exampleBoolean value="false"/><groupingId value="-str-profile"/></resource><resource><extension url="http://hl7.org/fhir/tools/StructureDefinition/resource-sort"><valueInteger value="999999999"/></extension><extension url="http://hl7.org/fhir/StructureDefinition/implementationguide-page"><valueUri value="StructureDefinition-DoseNumberCodeableConcept.html"/></extension><reference><reference value="StructureDefinition/DoseNumberCodeableConcept"/></reference><name value="DoseNumberCodeableConcept"/><description value="Dose Number"/><exampleBoolean value="false"/><groupingId value="-str-extension"/></resource><resource><extension url="http://hl7.org/fhir/tools/StructureDefinition/resource-sort"><valueInteger value="999999999"/></extension><extension url="http://hl7.org/fhir/StructureDefinition/implementationguide-page"><valueUri value="StructureDefinition-SGActorExt.html"/></extension><reference><reference value="StructureDefinition/SGActorExt"/></reference><name value="SGActorExt"/><description value="Smart Guidelines Actor Reference extension"/><exampleBoolean value="false"/><groupingId value="-str-extension"/></resource><resource><extension url="http://hl7.org/fhir/tools/StructureDefinition/resource-sort"><valueInteger value="999999999"/></extension><extension url="http://hl7.org/fhir/StructureDefinition/implementationguide-page"><valueUri value="StructureDefinition-SelectiveDisclosure.html"/></extension><reference><reference value="StructureDefinition/SelectiveDisclosure"/></reference><name value="SelectiveDisclosure"/><description value="Guidance that a document signing service with selective disclosure support (e.g. SD-JWT) should perform a selective disclosure of the content of the containing node of the extension in the JSON representation of the FHIR instance.&#xA;&#xA;The code value should be from a code system containing appropriate disclosure statements for the use case.  The disclosure statement should describe the content that is to be disclosed at that node.  For example a code such as 'disclose-date-of-birth' or 'disclose-vaccine-history'."/><exampleBoolean value="false"/><groupingId value="-str-extension"/></resource><resource><extension url="http://hl7.org/fhir/tools/StructureDefinition/resource-sort"><valueInteger value="999999999"/></extension><extension url="http://hl7.org/fhir/StructureDefinition/implementationguide-page"><valueUri value="ValueSet-DVCVaccines.html"/></extension><reference><reference value="ValueSet/DVCVaccines"/></reference><name value="DVC - Vaccines"/><description value="This value set includes codes from ICD"/><exampleBoolean value="false"/><groupingId value="-term-valueset"/></resource><resource><extension url="http://hl7.org/fhir/tools/StructureDefinition/resource-sort"><valueInteger value="999999999"/></extension><extension url="http://hl7.org/fhir/StructureDefinition/implementationguide-page"><valueUri value="ValueSet-DisclosureStatements.html"/></extension><reference><reference value="ValueSet/DisclosureStatements"/></reference><name value="Disclosure Statements"/><description value="Disclosure Statements value set"/><exampleBoolean value="false"/><groupingId value="-term-valueset"/></resource><resource><extension url="http://hl7.org/fhir/tools/StructureDefinition/resource-sort"><valueInteger value="999999999"/></extension><extension url="http://hl7.org/fhir/StructureDefinition/implementationguide-page"><valueUri value="ValueSet-HL.TYPE.html"/></extension><reference><reference value="ValueSet/HL.TYPE"/></reference><name value="HL.TYPE ValueSet "/><description value="ValueSet of HL Type Codes"/><exampleBoolean value="false"/><groupingId value="-term-valueset"/></resource><resource><extension url="http://hl7.org/fhir/tools/StructureDefinition/resource-sort"><valueInteger value="999999999"/></extension><extension url="http://hl7.org/fhir/StructureDefinition/implementationguide-page"><valueUri value="ValueSet-DVCRelationshipStatus.html"/></extension><reference><reference value="ValueSet/DVCRelationshipStatus"/></reference><name value="Relationship Status for Contact in Patient"/><description value="Relationship Status for Contact in Patient"/><exampleBoolean value="false"/><groupingId value="-term-valueset"/></resource><resource><extension url="http://hl7.org/fhir/tools/StructureDefinition/resource-sort"><valueInteger value="999999999"/></extension><extension url="http://hl7.org/fhir/StructureDefinition/implementationguide-page"><valueUri value="CodeSystem-DisclosureStatements.html"/></extension><reference><reference value="CodeSystem/DisclosureStatements"/></reference><name value="Disclosure Statements"/><description value="Disclosure Statement Code System"/><exampleBoolean value="false"/><groupingId value="-term-codesystem"/></resource><resource><extension url="http://hl7.org/fhir/tools/StructureDefinition/resource-sort"><valueInteger value="999999999"/></extension><extension url="http://hl7.org/fhir/StructureDefinition/implementationguide-page"><valueUri value="CodeSystem-HL.TYPE.html"/></extension><reference><reference value="CodeSystem/HL.TYPE"/></reference><name value="HL Type CodeSystem"/><description value="CodeSystem for Health Link Type that has codes classifying type of Smart Health Link"/><exampleBoolean value="false"/><groupingId value="-term-codesystem"/></resource><resource><extension url="http://hl7.org/fhir/tools/StructureDefinition/resource-sort"><valueInteger value="999999999"/></extension><extension url="http://hl7.org/fhir/StructureDefinition/implementationguide-page"><valueUri value="CodeSystem-DVCRelationshipStatus.html"/></extension><reference><reference value="CodeSystem/DVCRelationshipStatus"/></reference><name value="Relationship Status for Contact in Patient"/><description value="Relationship Status for Contact in Patient"/><exampleBoolean value="false"/><groupingId value="-term-codesystem"/></resource><resource><extension url="http://hl7.org/fhir/tools/StructureDefinition/resource-sort"><valueInteger value="999999999"/></extension><extension url="http://hl7.org/fhir/StructureDefinition/implementationguide-page"><valueUri value="CodeSystem-DocumentationSections.html"/></extension><reference><reference value="CodeSystem/DocumentationSections"/></reference><name value="Smart Guidelines Documentation Section"/><description value="CodeSystem for Smart Guidelines Documentation Section to autogenerate documentation from artifacts"/><exampleBoolean value="false"/><groupingId value="-term-codesystem"/></resource><resource><extension url="http://hl7.org/fhir/tools/StructureDefinition/resource-sort"><valueInteger value="999999999"/></extension><extension url="http://hl7.org/fhir/StructureDefinition/implementationguide-page"><valueUri value="Bundle-DVCDocExample.html"/></extension><reference><reference value="Bundle/DVCDocExample"/></reference><name value="DVCDocExample"/><description value="Example ICVP Document"/><exampleCanonical value="http://smart.who.int/trust-phw/StructureDefinition/DVCBundle"/><groupingId value="-ex-example"/></resource><resource><extension url="http://hl7.org/fhir/tools/StructureDefinition/resource-sort"><valueInteger value="999999999"/></extension><extension url="http://hl7.org/fhir/StructureDefinition/implementationguide-page"><valueUri value="Bundle-DVCDocSDExample.html"/></extension><reference><reference value="Bundle/DVCDocSDExample"/></reference><name value="DVCDocSDExample"/><description value="Example ICVP Document"/><exampleCanonical value="http://smart.who.int/trust-phw/StructureDefinition/DVCSDBundle"/><groupingId value="-ex-example"/></resource><resource><extension url="http://hl7.org/fhir/tools/StructureDefinition/resource-sort"><valueInteger value="999999999"/></extension><extension url="http://hl7.org/fhir/tools/StructureDefinition/implementationguide-resource-format"><valueCode value="application/fhir+json"/></extension><extension url="http://hl7.org/fhir/StructureDefinition/implementationguide-page"><valueUri value="Binary-DVCExample.html"/></extension><reference><reference value="Binary/DVCExample"/></reference><name value="DVCExample"/><description value="Example DVC model"/><exampleCanonical value="http://smart.who.int/trust-phw/StructureDefinition/DVC"/><groupingId value="-ex-example"/></resource><page><extension url="http://hl7.org/fhir/tools/StructureDefinition/ig-page-name"><valueUrl value="toc.html"/></extension><nameUrl value="toc.html"/><title value="Table of Contents"/><generation value="html"/><page><extension url="http://hl7.org/fhir/tools/StructureDefinition/ig-page-name"><valueUrl value="index.html"/></extension><nameUrl value="index.html"/><title value="Home"/><generation value="markdown"/><page><extension url="http://hl7.org/fhir/tools/StructureDefinition/ig-page-name"><valueUrl value="changes.html"/></extension><nameUrl value="changes.html"/><title value="Changes"/><generation value="markdown"/></page><page><extension url="http://hl7.org/fhir/tools/StructureDefinition/ig-page-name"><valueUrl value="dependencies.html"/></extension><nameUrl value="dependencies.html"/><title value="Dependencies"/><generation value="markdown"/></page><page><extension url="http://hl7.org/fhir/tools/StructureDefinition/ig-page-name"><valueUrl value="references.html"/></extension><nameUrl value="references.html"/><title value="References"/><generation value="markdown"/></page><page><extension url="http://hl7.org/fhir/tools/StructureDefinition/ig-page-name"><valueUrl value="adapting.html"/></extension><nameUrl value="adapting.html"/><title value="Adapting Guidelines for Country use"/><generation value="markdown"/></page><page><extension url="http://hl7.org/fhir/tools/StructureDefinition/ig-page-name"><valueUrl value="license.html"/></extension><nameUrl value="license.html"/><title value="License"/><generation value="markdown"/></page></page><page><extension url="http://hl7.org/fhir/tools/StructureDefinition/ig-page-name"><valueUrl value="business-requirements.html"/></extension><nameUrl value="business-requirements.html"/><title value="Business Requirements"/><generation value="markdown"/><page><extension url="http://hl7.org/fhir/tools/StructureDefinition/ig-page-name"><valueUrl value="concepts.html"/></extension><nameUrl value="concepts.html"/><title value="Concepts"/><generation value="markdown"/></page><page><extension url="http://hl7.org/fhir/tools/StructureDefinition/ig-page-name"><valueUrl value="personas.html"/></extension><nameUrl value="personas.html"/><title value="Generic Personas"/><generation value="markdown"/></page><page><extension url="http://hl7.org/fhir/tools/StructureDefinition/ig-page-name"><valueUrl value="scenarios.html"/></extension><nameUrl value="scenarios.html"/><title value="User Scenarios"/><generation value="markdown"/></page><page><extension url="http://hl7.org/fhir/tools/StructureDefinition/ig-page-name"><valueUrl value="business-processes.html"/></extension><nameUrl value="business-processes.html"/><title value="Business Processes"/><generation value="markdown"/></page><page><extension url="http://hl7.org/fhir/tools/StructureDefinition/ig-page-name"><valueUrl value="dictionary.html"/></extension><nameUrl value="dictionary.html"/><title value="Data Dictionary"/><generation value="markdown"/></page><page><extension url="http://hl7.org/fhir/tools/StructureDefinition/ig-page-name"><valueUrl value="decision-logic.html"/></extension><nameUrl value="decision-logic.html"/><title value="Decision-support logic"/><generation value="markdown"/></page><page><extension url="http://hl7.org/fhir/tools/StructureDefinition/ig-page-name"><valueUrl value="indicators.html"/></extension><nameUrl value="indicators.html"/><title value="Indicator and Performance Metrics"/><generation value="markdown"/></page><page><extension url="http://hl7.org/fhir/tools/StructureDefinition/ig-page-name"><valueUrl value="functional-requirements.html"/></extension><nameUrl value="functional-requirements.html"/><title value="Functional Requirements"/><generation value="markdown"/></page><page><extension url="http://hl7.org/fhir/tools/StructureDefinition/ig-page-name"><valueUrl value="non-functional-requirements.html"/></extension><nameUrl value="non-functional-requirements.html"/><title value="Non-functional Requirements"/><generation value="markdown"/></page></page><page><extension url="http://hl7.org/fhir/tools/StructureDefinition/ig-page-name"><valueUrl value="data-models-and-exchange.html"/></extension><nameUrl value="data-models-and-exchange.html"/><title value="Data Models and Exchange"/><generation value="markdown"/><page><extension url="http://hl7.org/fhir/tools/StructureDefinition/ig-page-name"><valueUrl value="system-actors.html"/></extension><nameUrl value="system-actors.html"/><title value="System Actors"/><generation value="markdown"/></page><page><extension url="http://hl7.org/fhir/tools/StructureDefinition/ig-page-name"><valueUrl value="sequence-diagrams.html"/></extension><nameUrl value="sequence-diagrams.html"/><title value="Sequence Diagrams"/><generation value="markdown"/></page><page><extension url="http://hl7.org/fhir/tools/StructureDefinition/ig-page-name"><valueUrl value="transactions.html"/></extension><nameUrl value="transactions.html"/><title value="Transactions"/><generation value="markdown"/></page><page><extension url="http://hl7.org/fhir/tools/StructureDefinition/ig-page-name"><valueUrl value="indicators-measures.html"/></extension><nameUrl value="indicators-measures.html"/><title value="Indicators and Measures"/><generation value="markdown"/></page><page><extension url="http://hl7.org/fhir/tools/StructureDefinition/ig-page-name"><valueUrl value="codings.html"/></extension><nameUrl value="codings.html"/><title value="Codings"/><generation value="markdown"/></page></page><page><extension url="http://hl7.org/fhir/tools/StructureDefinition/ig-page-name"><valueUrl value="deployment.html"/></extension><nameUrl value="deployment.html"/><title value="Deployment"/><generation value="markdown"/><page><extension url="http://hl7.org/fhir/tools/StructureDefinition/ig-page-name"><valueUrl value="security-privacy.html"/></extension><nameUrl value="security-privacy.html"/><title value="Security and Privacy Considerations"/><generation value="markdown"/></page><page><extension url="http://hl7.org/fhir/tools/StructureDefinition/ig-page-name"><valueUrl value="testing.html"/></extension><nameUrl value="testing.html"/><title value="Testing"/><generation value="markdown"/></page><page><extension url="http://hl7.org/fhir/tools/StructureDefinition/ig-page-name"><valueUrl value="test-data.html"/></extension><nameUrl value="test-data.html"/><title value="Test Data"/><generation value="markdown"/></page><page><extension url="http://hl7.org/fhir/tools/StructureDefinition/ig-page-name"><valueUrl value="reference-implementations.html"/></extension><nameUrl value="reference-implementations.html"/><title value="Reference Implementations"/><generation value="markdown"/></page><page><extension url="http://hl7.org/fhir/tools/StructureDefinition/ig-page-name"><valueUrl value="trust_domain.html"/></extension><nameUrl value="trust_domain.html"/><title value="Trust Domains"/><generation value="markdown"/></page><page><extension url="http://hl7.org/fhir/tools/StructureDefinition/ig-page-name"><valueUrl value="downloads.html"/></extension><nameUrl value="downloads.html"/><title value="Downloads"/><generation value="markdown"/></page></page><page><extension url="http://hl7.org/fhir/tools/StructureDefinition/ig-page-name"><valueUrl value="indices.html"/></extension><nameUrl value="indices.html"/><title value="Indices"/><generation value="markdown"/><page><extension url="http://hl7.org/fhir/tools/StructureDefinition/ig-page-name"><valueUrl value="artifacts.html"/></extension><nameUrl value="artifacts.html"/><title value="Artifact Index"/><generation value="html"/><page><extension url="http://hl7.org/fhir/tools/StructureDefinition/ig-page-name"><valueUrl value="ActorDefinition-ConsentRegistry.html"/></extension><nameUrl value="ActorDefinition-ConsentRegistry.html"/><title value="Consent Registry"/><generation value="generated"/></page><page><extension url="http://hl7.org/fhir/tools/StructureDefinition/ig-page-name"><valueUrl value="ActorDefinition-Holder.html"/></extension><nameUrl value="ActorDefinition-Holder.html"/><title value="Holder"/><generation value="generated"/></page><page><extension url="http://hl7.org/fhir/tools/StructureDefinition/ig-page-name"><valueUrl value="ActorDefinition-Issuer.html"/></extension><nameUrl value="ActorDefinition-Issuer.html"/><title value="Issuer"/><generation value="generated"/></page><page><extension url="http://hl7.org/fhir/tools/StructureDefinition/ig-page-name"><valueUrl value="ActorDefinition-Receiver.html"/></extension><nameUrl value="ActorDefinition-Receiver.html"/><title value="Receiver"/><generation value="generated"/></page><page><extension url="http://hl7.org/fhir/tools/StructureDefinition/ig-page-name"><valueUrl value="ActorDefinition-TrustNetworkAnchor.html"/></extension><nameUrl value="ActorDefinition-TrustNetworkAnchor.html"/><title value="Trust Network Anchor"/><generation value="generated"/></page><page><extension url="http://hl7.org/fhir/tools/StructureDefinition/ig-page-name"><valueUrl value="ActorDefinition-TrustNetworkParticipant.html"/></extension><nameUrl value="ActorDefinition-TrustNetworkParticipant.html"/><title value="Trust Network Participant"/><generation value="generated"/></page><page><extension url="http://hl7.org/fhir/tools/StructureDefinition/ig-page-name"><valueUrl value="Requirements-accept-mtls-connection.html"/></extension><nameUrl value="Requirements-accept-mtls-connection.html"/><title value="Accept mTLS"/><generation value="generated"/></page><page><extension url="http://hl7.org/fhir/tools/StructureDefinition/ig-page-name"><valueUrl value="Requirements-distribute-pki-material.html"/></extension><nameUrl value="Requirements-distribute-pki-material.html"/><title value="Distribute PKI material"/><generation value="generated"/></page><page><extension url="http://hl7.org/fhir/tools/StructureDefinition/ig-page-name"><valueUrl value="Requirements-initiate-mtls-connection.html"/></extension><nameUrl value="Requirements-initiate-mtls-connection.html"/><title value="Initiate mTLS"/><generation value="generated"/></page><page><extension url="http://hl7.org/fhir/tools/StructureDefinition/ig-page-name"><valueUrl value="Requirements-provide-a-vhl-to-a-receiver.html"/></extension><nameUrl value="Requirements-provide-a-vhl-to-a-receiver.html"/><title value="Provide VHL or VDHC"/><generation value="generated"/></page><page><extension url="http://hl7.org/fhir/tools/StructureDefinition/ig-page-name"><valueUrl value="Requirements-publish-pki-material.html"/></extension><nameUrl value="Requirements-publish-pki-material.html"/><title value="Publish PKI material"/><generation value="generated"/></page><page><extension url="http://hl7.org/fhir/tools/StructureDefinition/ig-page-name"><valueUrl value="Requirements-receive-pki-material.html"/></extension><nameUrl value="Requirements-receive-pki-material.html"/><title value="Receive PKI material"/><generation value="generated"/></page><page><extension url="http://hl7.org/fhir/tools/StructureDefinition/ig-page-name"><valueUrl value="Requirements-receive-a-vhl.html"/></extension><nameUrl value="Requirements-receive-a-vhl.html"/><title value="Receive VHL or VDHC"/><generation value="generated"/></page><page><extension url="http://hl7.org/fhir/tools/StructureDefinition/ig-page-name"><valueUrl value="Requirements-retrieve-pki-material.html"/></extension><nameUrl value="Requirements-retrieve-pki-material.html"/><title value="Retrieve PKI material"/><generation value="generated"/></page><page><extension url="http://hl7.org/fhir/tools/StructureDefinition/ig-page-name"><valueUrl value="StructureDefinition-DVC.html"/></extension><nameUrl value="StructureDefinition-DVC.html"/><title value="DVC"/><generation value="generated"/></page><page><extension url="http://hl7.org/fhir/tools/StructureDefinition/ig-page-name"><valueUrl value="StructureDefinition-VaccineDetails.html"/></extension><nameUrl value="StructureDefinition-VaccineDetails.html"/><title value="DVC - Vaccine Details"/><generation value="generated"/></page><page><extension url="http://hl7.org/fhir/tools/StructureDefinition/ig-page-name"><valueUrl value="StructureDefinition-DVCMin.html"/></extension><nameUrl value="StructureDefinition-DVCMin.html"/><title value="DVC HCERT Payload"/><generation value="generated"/></page><page><extension url="http://hl7.org/fhir/tools/StructureDefinition/ig-page-name"><valueUrl value="StructureDefinition-DVCMinVaccineDetailsPreQual.html"/></extension><nameUrl value="StructureDefinition-DVCMinVaccineDetailsPreQual.html"/><title value="DVC HCERT Payload for PreQual DB"/><generation value="generated"/></page><page><extension url="http://hl7.org/fhir/tools/StructureDefinition/ig-page-name"><valueUrl value="StructureDefinition-DVCMinVaccineDetails.html"/></extension><nameUrl value="StructureDefinition-DVCMinVaccineDetails.html"/><title value="DVC HCert Vaccine Details (Minimal)"/><generation value="generated"/></page><page><extension url="http://hl7.org/fhir/tools/StructureDefinition/ig-page-name"><valueUrl value="StructureDefinition-VaccineDetailsSD.html"/></extension><nameUrl value="StructureDefinition-VaccineDetailsSD.html"/><title value="DVC Vaccine Details with Selective Disclosure"/><generation value="generated"/></page><page><extension url="http://hl7.org/fhir/tools/StructureDefinition/ig-page-name"><valueUrl value="StructureDefinition-DVCMinPreQual.html"/></extension><nameUrl value="StructureDefinition-DVCMinPreQual.html"/><title value="DVCMinPreQual"/><generation value="generated"/></page><page><extension url="http://hl7.org/fhir/tools/StructureDefinition/ig-page-name"><valueUrl value="StructureDefinition-HealthLinkPayload.html"/></extension><nameUrl value="StructureDefinition-HealthLinkPayload.html"/><title value="Health Link Payload (DRAFT)"/><generation value="generated"/></page><page><extension url="http://hl7.org/fhir/tools/StructureDefinition/ig-page-name"><valueUrl value="StructureDefinition-PreQualDVC.html"/></extension><nameUrl value="StructureDefinition-PreQualDVC.html"/><title value="PreQual"/><generation value="generated"/></page><page><extension url="http://hl7.org/fhir/tools/StructureDefinition/ig-page-name"><valueUrl value="StructureDefinition-PreQualVaccineDetails.html"/></extension><nameUrl value="StructureDefinition-PreQualVaccineDetails.html"/><title value="PreQual - Vaccine Details"/><generation value="generated"/></page><page><extension url="http://hl7.org/fhir/tools/StructureDefinition/ig-page-name"><valueUrl value="StructureDefinition-SmartHealthLink.html"/></extension><nameUrl value="StructureDefinition-SmartHealthLink.html"/><title value="Smart Health Link (DRAFT)"/><generation value="generated"/></page><page><extension url="http://hl7.org/fhir/tools/StructureDefinition/ig-page-name"><valueUrl value="StructureDefinition-SMARTHealthLinkPayload.html"/></extension><nameUrl value="StructureDefinition-SMARTHealthLinkPayload.html"/><title value="SMART Health Link Payload (DRAFT)"/><generation value="generated"/></page><page><extension url="http://hl7.org/fhir/tools/StructureDefinition/ig-page-name"><valueUrl value="StructureDefinition-VerifiableHealthLinkPayload.html"/></extension><nameUrl value="StructureDefinition-VerifiableHealthLinkPayload.html"/><title value="Verifiable Health Link Payload (DRAFT)"/><generation value="generated"/></page><page><extension url="http://hl7.org/fhir/tools/StructureDefinition/ig-page-name"><valueUrl value="Questionnaire-PreQual.html"/></extension><nameUrl value="Questionnaire-PreQual.html"/><title value="DVC Model Questionnaire"/><generation value="generated"/></page><page><extension url="http://hl7.org/fhir/tools/StructureDefinition/ig-page-name"><valueUrl value="StructureDefinition-DVCBundle.html"/></extension><nameUrl value="StructureDefinition-DVCBundle.html"/><title value="Digital Vaccination Certificate - Bundle"/><generation value="generated"/></page><page><extension url="http://hl7.org/fhir/tools/StructureDefinition/ig-page-name"><valueUrl value="StructureDefinition-DVCComposition.html"/></extension><nameUrl value="StructureDefinition-DVCComposition.html"/><title value="Digital Vaccination Certificate - Composition"/><generation value="generated"/></page><page><extension url="http://hl7.org/fhir/tools/StructureDefinition/ig-page-name"><valueUrl value="StructureDefinition-DVCSDComposition.html"/></extension><nameUrl value="StructureDefinition-DVCSDComposition.html"/><title value="Digital Vaccination Certificate - Composition"/><generation value="generated"/></page><page><extension url="http://hl7.org/fhir/tools/StructureDefinition/ig-page-name"><valueUrl value="StructureDefinition-Immunization-uv-ips-DVC.html"/></extension><nameUrl value="StructureDefinition-Immunization-uv-ips-DVC.html"/><title value="DVC - Profile for Digitial Vaccination Cards for Immunization for IPS.  Note that no Product Catalog has been set"/><generation value="generated"/></page><page><extension url="http://hl7.org/fhir/tools/StructureDefinition/ig-page-name"><valueUrl value="StructureDefinition-Immunization-uv-ips-PreQual.html"/></extension><nameUrl value="StructureDefinition-Immunization-uv-ips-PreQual.html"/><title value="DVC - WHO PreQual Immunization for IPS"/><generation value="generated"/></page><page><extension url="http://hl7.org/fhir/tools/StructureDefinition/ig-page-name"><valueUrl value="StructureDefinition-Bundle-uv-ips-DVC.html"/></extension><nameUrl value="StructureDefinition-Bundle-uv-ips-DVC.html"/><title value="DVC Certificate - DVC Bundle for Digital Vaccine Certificates"/><generation value="generated"/></page><page><extension url="http://hl7.org/fhir/tools/StructureDefinition/ig-page-name"><valueUrl value="StructureDefinition-Bundle-uv-ips-PreQual.html"/></extension><nameUrl value="StructureDefinition-Bundle-uv-ips-PreQual.html"/><title value="DVC Certificate - IPS Bundle for WHO PreQual Databae"/><generation value="generated"/></page><page><extension url="http://hl7.org/fhir/tools/StructureDefinition/ig-page-name"><valueUrl value="StructureDefinition-Composition-uv-ips-DVC.html"/></extension><nameUrl value="StructureDefinition-Composition-uv-ips-DVC.html"/><title value="DVC Certificate - IPS Composition "/><generation value="generated"/></page><page><extension url="http://hl7.org/fhir/tools/StructureDefinition/ig-page-name"><valueUrl value="StructureDefinition-Composition-uv-ips-PreQual.html"/></extension><nameUrl value="StructureDefinition-Composition-uv-ips-PreQual.html"/><title value="DVC Certificate - IPS Composition for WHO PreQual Database"/><generation value="generated"/></page><page><extension url="http://hl7.org/fhir/tools/StructureDefinition/ig-page-name"><valueUrl value="StructureDefinition-DVCSDBundle.html"/></extension><nameUrl value="StructureDefinition-DVCSDBundle.html"/><title value="DVC document Bundle with Selective Disclosure"/><generation value="generated"/></page><page><extension url="http://hl7.org/fhir/tools/StructureDefinition/ig-page-name"><valueUrl value="StructureDefinition-DVCImmunization.html"/></extension><nameUrl value="StructureDefinition-DVCImmunization.html"/><title value="DVC Immunization"/><generation value="generated"/></page><page><extension url="http://hl7.org/fhir/tools/StructureDefinition/ig-page-name"><valueUrl value="StructureDefinition-DVCSDImmunization.html"/></extension><nameUrl value="StructureDefinition-DVCSDImmunization.html"/><title value="DVC Immunization with Selective Disclosure"/><generation value="generated"/></page><page><extension url="http://hl7.org/fhir/tools/StructureDefinition/ig-page-name"><valueUrl value="StructureDefinition-DVCPatient.html"/></extension><nameUrl value="StructureDefinition-DVCPatient.html"/><title value="DVC Patient"/><generation value="generated"/></page><page><extension url="http://hl7.org/fhir/tools/StructureDefinition/ig-page-name"><valueUrl value="StructureDefinition-DVCSDPatient.html"/></extension><nameUrl value="StructureDefinition-DVCSDPatient.html"/><title value="DVC Patient with Selective Disclosure"/><generation value="generated"/></page><page><extension url="http://hl7.org/fhir/tools/StructureDefinition/ig-page-name"><valueUrl value="StructureDefinition-DoseNumberCodeableConcept.html"/></extension><nameUrl value="StructureDefinition-DoseNumberCodeableConcept.html"/><title value="DoseNumberCodeableConcept"/><generation value="generated"/></page><page><extension url="http://hl7.org/fhir/tools/StructureDefinition/ig-page-name"><valueUrl value="StructureDefinition-SelectiveDisclosure.html"/></extension><nameUrl value="StructureDefinition-SelectiveDisclosure.html"/><title value="SelectiveDisclosure"/><generation value="generated"/></page><page><extension url="http://hl7.org/fhir/tools/StructureDefinition/ig-page-name"><valueUrl value="StructureDefinition-SGActorExt.html"/></extension><nameUrl value="StructureDefinition-SGActorExt.html"/><title value="SGActorExt"/><generation value="generated"/></page><page><extension url="http://hl7.org/fhir/tools/StructureDefinition/ig-page-name"><valueUrl value="ValueSet-DisclosureStatements.html"/></extension><nameUrl value="ValueSet-DisclosureStatements.html"/><title value="Disclosure Statements"/><generation value="generated"/></page><page><extension url="http://hl7.org/fhir/tools/StructureDefinition/ig-page-name"><valueUrl value="ValueSet-DVCVaccines.html"/></extension><nameUrl value="ValueSet-DVCVaccines.html"/><title value="DVC - Vaccines"/><generation value="generated"/></page><page><extension url="http://hl7.org/fhir/tools/StructureDefinition/ig-page-name"><valueUrl value="ValueSet-HL.TYPE.html"/></extension><nameUrl value="ValueSet-HL.TYPE.html"/><title value="HL.TYPE ValueSet "/><generation value="generated"/></page><page><extension url="http://hl7.org/fhir/tools/StructureDefinition/ig-page-name"><valueUrl value="ValueSet-DVCRelationshipStatus.html"/></extension><nameUrl value="ValueSet-DVCRelationshipStatus.html"/><title value="Relationship Status for Contact in Patient"/><generation value="generated"/></page><page><extension url="http://hl7.org/fhir/tools/StructureDefinition/ig-page-name"><valueUrl value="CodeSystem-DisclosureStatements.html"/></extension><nameUrl value="CodeSystem-DisclosureStatements.html"/><title value="Disclosure Statements"/><generation value="generated"/></page><page><extension url="http://hl7.org/fhir/tools/StructureDefinition/ig-page-name"><valueUrl value="CodeSystem-HL.TYPE.html"/></extension><nameUrl value="CodeSystem-HL.TYPE.html"/><title value="HL Type CodeSystem"/><generation value="generated"/></page><page><extension url="http://hl7.org/fhir/tools/StructureDefinition/ig-page-name"><valueUrl value="CodeSystem-DVCRelationshipStatus.html"/></extension><nameUrl value="CodeSystem-DVCRelationshipStatus.html"/><title value="Relationship Status for Contact in Patient"/><generation value="generated"/></page><page><extension url="http://hl7.org/fhir/tools/StructureDefinition/ig-page-name"><valueUrl value="CodeSystem-DocumentationSections.html"/></extension><nameUrl value="CodeSystem-DocumentationSections.html"/><title value="Smart Guidelines Documentation Section"/><generation value="generated"/></page><page><extension url="http://hl7.org/fhir/tools/StructureDefinition/ig-page-name"><valueUrl value="Bundle-DVCDocExample.html"/></extension><nameUrl value="Bundle-DVCDocExample.html"/><title value="DVCDocExample"/><generation value="generated"/></page><page><extension url="http://hl7.org/fhir/tools/StructureDefinition/ig-page-name"><valueUrl value="Bundle-DVCDocSDExample.html"/></extension><nameUrl value="Bundle-DVCDocSDExample.html"/><title value="DVCDocSDExample"/><generation value="generated"/></page><page><extension url="http://hl7.org/fhir/tools/StructureDefinition/ig-page-name"><valueUrl value="Binary-DVCExample.html"/></extension><nameUrl value="Binary-DVCExample.html"/><title value="DVCExample"/><generation value="generated"/></page></page><page><extension url="http://hl7.org/fhir/tools/StructureDefinition/ig-page-name"><valueUrl value="maps.html"/></extension><nameUrl value="maps.html"/><title value="Mappings"/><generation value="markdown"/></page></page></page><parameter><code value="path-resource"/><value value="input/capabilities"/></parameter><parameter><code value="path-resource"/><value value="input/examples"/></parameter><parameter><code value="path-resource"/><value value="input/extensions"/></parameter><parameter><code value="path-resource"/><value value="input/models"/></parameter><parameter><code value="path-resource"/><value value="input/operations"/></parameter><parameter><code value="path-resource"/><value value="input/profiles"/></parameter><parameter><code value="path-resource"/><value value="input/resources"/></parameter><parameter><code value="path-resource"/><value value="input/vocabulary"/></parameter><parameter><code value="path-resource"/><value value="input/maps"/></parameter><parameter><code value="path-resource"/><value value="input/testing"/></parameter><parameter><code value="path-resource"/><value value="input/history"/></parameter><parameter><code value="path-resource"/><value value="fsh-generated/resources"/></parameter><parameter><code value="path-pages"/><value value="template/config"/></parameter><parameter><code value="path-pages"/><value value="input/images"/></parameter><parameter><code value="path-tx-cache"/><value value="input-cache/txcache"/></parameter></definition></ImplementationGuide>