"Id","Path","Slice Name","Alias(s)","Label","Min","Max","Must Support?","Is Modifier?","Is Summary?","Type(s)","Short","Definition","Comments","Requirements","Default Value","Meaning When Missing","Fixed Value","Pattern","Example","Minimum Value","Maximum Value","Maximum Length","Binding Strength","Binding Description","Binding Value Set","Code","Slicing Discriminator","Slicing Description","Slicing Ordered","Slicing Rules","Base Path","Base Min","Base Max","Condition(s)","Constraint(s)"
"SmartHealthLink","SmartHealthLink","","","",0,*,"","","","null {[]} {[]}
","Smart Health Link (DRAFT)","Smart Health Link URI (DRAFT)

Logical Model to represent a SMART Health Link as its URI.  It is generated from the content of the SMART Health Link Payload.


","","","","","","","","","",,,,,"",,,,"Base",0,*,"",""
"SmartHealthLink.u","SmartHealthLink.u","","","",1,1,"","","","string {[]} {[]}
","URI","URI of the Smart Health Link.  Should look like 'shlink:/eyJ1cmwiOiJodHRwczovL2Vo....'","","","","","","","","","",,,,,"",,,,"SmartHealthLink.u",1,1,"",""
