"Id","Path","Slice Name","Alias(s)","Label","Min","Max","Must Support?","Is Modifier?","Is Summary?","Type(s)","Short","Definition","Comments","Requirements","Default Value","Meaning When Missing","Fixed Value","Pattern","Example","Minimum Value","Maximum Value","Maximum Length","Binding Strength","Binding Description","Binding Value Set","Code","Slicing Discriminator","Slicing Description","Slicing Ordered","Slicing Rules","Base Path","Base Min","Base Max","Condition(s)","Constraint(s)"
"DVCMin","DVCMin","","","",0,*,"","","","null {[]} {[]}
","DVC HCERT Payload","Mininmial DVC payload for use within an HCERT Payload","","","","","","","","","",,,,,"",,,,"Base",0,*,"",""
"DVCMin.n","DVCMin.n","","","",1,1,"","","","string {[]} {[]}
","Person name","Person name","","","","","","","","","",,,,,"",,,,"DVCMin.n",1,1,"",""
"DVCMin.dob","DVCMin.dob","","","",1,1,"","","","date {[]} {[]}
","Date of birth in YYYY-MM-DD format","Date of birth in YYYY-MM-DD format","","","","","","","","","",,,,,"",,,,"DVCMin.dob",1,1,"",""
"DVCMin.s","DVCMin.s","","","",0,1,"","","","code {[]} {[]}
","Sex","Sex","","","","","","","","","",,,,,"",,,,"DVCMin.s",0,1,"",""
"DVCMin.ntl","DVCMin.ntl","","","",0,1,"","","","code {[]} {[]}
","Nationality","Nationality","","","","","","","","","",,,,,"",,,,"DVCMin.ntl",0,1,"",""
"DVCMin.nid","DVCMin.nid","","","",0,1,"","","","string {[]} {[]}
","National Identification Document","National Identification Document","","","","","","","","","",,,,,"",,,,"DVCMin.nid",0,1,"",""
"DVCMin.ndt","DVCMin.ndt","","","",0,1,"","","","code {[]} {[]}
","National ID Document Type","National ID Document Type","","","","","","","","","",,"extensible","","http://terminology.hl7.org/ValueSet/v2-0203","",,,,"DVCMin.ndt",0,1,"",""
"DVCMin.gn","DVCMin.gn","","","",0,1,"","","","string {[]} {[]}
","Parent or Guardian Name","Parent or Guardian Name","","","","","","","","","",,,,,"",,,,"DVCMin.gn",0,1,"",""
"DVCMin.v","DVCMin.v","","","",1,*,"","","","http://smart.who.int/trust-phw/StructureDefinition/DVCMinVaccineDetails {[]} {[]}
","Vaccine Details","Vaccine Details","","","","","","","","","",,,,,"",,,,"DVCMin.v",1,*,"",""
