<?xml version="1.0" encoding="UTF-8"?>

<ValueSet xmlns="http://hl7.org/fhir">
  <id value="DVCVaccines"/>
  <text>
    <status value="generated"/><div xmlns="http://www.w3.org/1999/xhtml"><p class="res-header-id"><b>Generated Narrative: ValueSet DVCVaccines</b></p><a name="DVCVaccines"> </a><a name="hcDVCVaccines"> </a><ul><li>Include these codes as defined in <a href="http://terminology.hl7.org/6.5.0/CodeSystem-ICD11MMS.html"><code>http://id.who.int/icd/release/11/mms</code></a> version <span title="Version is not explicity stated. No matching Code System found">Not Stated (use latest from terminology server)</span><table class="none"><tr><td style="white-space:nowrap"><b>Code</b></td><td><b>Display</b></td></tr><tr><td>XM4639</td><td>Tuberculosis vaccines</td></tr><tr><td>XM8142</td><td>Tuberculosis, live attenuated vaccines</td></tr><tr><td>XM29K4</td><td>Cholera vaccines</td></tr><tr><td>XM3Z26</td><td>Cholera, inactivated, whole cell vaccines</td></tr><tr><td>XM72A0</td><td>Cholera, live attenuated vaccines</td></tr><tr><td>XM1FT6</td><td>Cholera, combinations with typhoid vaccine, inactivated, whole cell vaccines</td></tr><tr><td>XM8AW3</td><td>Diphtheria vaccines</td></tr><tr><td>XM9744</td><td>Diphtheria, rubella, tetanus vaccines</td></tr><tr><td>XM31Q8</td><td>Tetanus, diphtheria, acellular pertussis</td></tr><tr><td>XM8AW1</td><td>Diphtheria, poliomyelitis, tetanus vaccines</td></tr><tr><td>XM09Q7</td><td>Diphtheria, pertussis, poliomyelitis, tetanus vaccines</td></tr><tr><td>XM41N3</td><td>Diphtheria, hepatitis B, pertussis, tetanus vaccines</td></tr><tr><td>XM1LX9</td><td>Diphtheria, hemophilus influenzae B, pertussis, poliomyelitis, tetanus vaccines</td></tr><tr><td>XM3G68</td><td>Diphtheria, hepatitis B, tetanus vaccines</td></tr><tr><td>XM0LT9</td><td>Diphtheria, pertussis, poliomyelitis, tetanus, hepatitis B vaccines</td></tr><tr><td>XM7JP3</td><td>Diphtheria, hemophilus influenzae B, pertussis, tetanus, hepatitis B vaccines</td></tr><tr><td>XM5XP9</td><td>Diphtheria, hemophilus influenzae B, pertussis, tetanus-hepatitis B, meningococcus A + C vaccines</td></tr><tr><td>XM1G86</td><td>Tetanus toxoid, combinations with diphtheria toxoid vaccines</td></tr><tr><td>XM32Q5</td><td>Tetanus and diphtheria vaccines</td></tr><tr><td>XM2CV8</td><td>Vaccines pertussis with diphtheria</td></tr><tr><td>XM21E6</td><td>Diphtheria tetanus, acellular pertussis, inactivated polio virus, haemophilus Influenzae type B vaccines</td></tr><tr><td>XM84S1</td><td>Diphtheria, hepatitis B, tetanus, acellular pertussis, inactivated polio virus, haemophilus Influenzae type B vaccines</td></tr><tr><td>XM9JP8</td><td>Diphtheria, tetanus, acellular pertussis, inactivated polio virus vaccines</td></tr><tr><td>XM46V1</td><td>Diphtheria vaccines combination including pertussis</td></tr><tr><td>XM4039</td><td>Vaccines diphtheria with tetanus</td></tr><tr><td>XM11V3</td><td>Haemophilus influenzae B vaccines</td></tr><tr><td>XM01H1</td><td>Hemophilus influenzae B and poliomyelitis vaccines</td></tr><tr><td>XM32L7</td><td>Hemophilus influenzae B and hepatitis B vaccines</td></tr><tr><td>XM6LL6</td><td>Hepatitis vaccines</td></tr><tr><td>XM2A12</td><td>Hepatitis A, inactivated, whole virus</td></tr><tr><td>XM3JA6</td><td>Typhoid, hepatitis A vaccines</td></tr><tr><td>XM03Y7</td><td>Combinations hepatitis vaccines</td></tr><tr><td>XM9V38</td><td>Hepatitis B, purified antigen</td></tr><tr><td>XM9QP0</td><td>Papillomavirus vaccine</td></tr><tr><td>XM1821</td><td>Papillomavirus (human types 6,11,16,18)</td></tr><tr><td>XM9BT4</td><td>Papillomavirus (human types 16,18)</td></tr><tr><td>XM5CE9</td><td>Papillomavirus (human types 6,11,16,18,31,33,45,52,58)</td></tr><tr><td>XM0LB5</td><td>Encephalitis, Japanese, inactivated, whole virus</td></tr><tr><td>XM47S0</td><td>Encephalitis, Japanese, live attenuated</td></tr><tr><td>XM28X5</td><td>Measles vaccines</td></tr><tr><td>XM8L15</td><td>Measles, live attenuated</td></tr><tr><td>XM8TF3</td><td>Measles, combinations with mumps and rubella, live attenuated</td></tr><tr><td>XM21H2</td><td>Measles, combinations with rubella, live attenuated</td></tr><tr><td>XM4AJ8</td><td>Measles, combinations with mumps, rubella and varicella, live attenuated</td></tr><tr><td>XM9439</td><td>Measles, combinations with mumps, live attenuated</td></tr><tr><td>XM2WV4</td><td>Meningococcal vaccines</td></tr><tr><td>XM92B2</td><td>Meningococcal monovalent purified polysaccharides antigen vaccines</td></tr><tr><td>XM5LC2</td><td>Meningococcal polyvalent purified polysaccharides antigen vaccines</td></tr><tr><td>XM18Y8</td><td>Meningococcus C, purified polysaccharides antigen conjugated vaccines</td></tr><tr><td>XM2280</td><td>Meningococcus A, purified polysaccharides antigen conjugated vaccines</td></tr><tr><td>XM9GJ1</td><td>Meningococcus B, outer membrane vesicle vaccines</td></tr><tr><td>XM1X81</td><td>Meningococcus B, multicomponent vaccines</td></tr><tr><td>XM37L5</td><td>Meningococcus A, purified polysaccharides antigen vaccines</td></tr><tr><td>XM1131</td><td>Mumps vaccine</td></tr><tr><td>XM2340</td><td>Mumps, live attenuated</td></tr><tr><td>XM3B09</td><td>Rubella, combinations with mumps, live attenuated</td></tr><tr><td>XM43M9</td><td>Pertussis vaccines</td></tr><tr><td>XM45L8</td><td>Pertussis, inactivated, whole cell vaccines</td></tr><tr><td>XM62J1</td><td>Pertussis, purified antigen vaccines</td></tr><tr><td>XM2TK2</td><td>Pertussis, inactivated, whole cell, combinations with toxoids vaccines</td></tr><tr><td>XM4082</td><td>Pertussis, purified antigen, combinations with toxoids vaccines</td></tr><tr><td>XM9EM7</td><td>Pneumococcal vaccines</td></tr><tr><td>XM9G97</td><td>Pneumococcal conjugate (13-valent) vaccines</td></tr><tr><td>XM2249</td><td>Pneumococcal polysaccharide 23-valent vaccines</td></tr><tr><td>XM91D7</td><td>Pneumococcus, purified polysaccharides antigen vaccines</td></tr><tr><td>XM96S7</td><td>Pneumococcus, purified polysaccharides antigen conjugated vaccines</td></tr><tr><td>XM4R39</td><td>Pneumococcus purified polysaccharides antigen and Haemophilus influenzae, conjugated vaccines</td></tr><tr><td>XM0N50</td><td>Poliomyelitis vaccines</td></tr><tr><td>XM5V19</td><td>Poliomyelitis, trivalent, inactivated, whole virus</td></tr><tr><td>XM79H3</td><td>Poliomyelitis oral, bivalent, live attenuated</td></tr><tr><td>XM0VX8</td><td>Poliomyelitis oral, monovalent live attenuated</td></tr><tr><td>XM0KZ1</td><td>Poliomyelitis oral, trivalent, live attenuated</td></tr><tr><td>XM6T09</td><td>Rabies vaccine</td></tr><tr><td>XM7BE8</td><td>Rabies, inactivated, whole virus</td></tr><tr><td>XM1CE0</td><td>Rotavirus diarrhoea vaccines</td></tr><tr><td>XM4GV0</td><td>Rota virus, live attenuated</td></tr><tr><td>XM4VG1</td><td>Rota virus, pentavalent, live, reassorted</td></tr><tr><td>XM7PP1</td><td>Rubella vaccine</td></tr><tr><td>XM9PS9</td><td>Rubella, live attenuated</td></tr><tr><td>XM1LR5</td><td>Influenza vaccines</td></tr><tr><td>XM8857</td><td>Influenza vaccine, inactivated, whole virus</td></tr><tr><td>XM5V64</td><td>Influenza vaccines, live attenuated</td></tr><tr><td>XM8MP2</td><td>Influenza vaccines, inactivated, split virus or surface antigen</td></tr><tr><td>XM9E16</td><td>Influenza vaccines, virus like particle</td></tr><tr><td>XM33X8</td><td>Influenza, purified antigen</td></tr><tr><td>XM5L44</td><td>Tetanus vaccines</td></tr><tr><td>XM29H5</td><td>Tetanus toxoid vaccines</td></tr><tr><td>XM9AK2</td><td>Tetanus toxoid, combinations with tetanus immunoglobulin vaccines</td></tr><tr><td>XM0RC1</td><td>Encephalitis vaccines</td></tr><tr><td>XM8MP6</td><td>Encephalitis, tick borne, inactivated, whole virus</td></tr><tr><td>XM8BU8</td><td>Typhoid vaccines</td></tr><tr><td>XM33K4</td><td>Typhoid, oral, live attenuated vaccines</td></tr><tr><td>XM89G3</td><td>Typhoid, inactivated, whole cell vaccines</td></tr><tr><td>XM3SF6</td><td>Typhoid, purified polysaccharide antigen vaccines</td></tr><tr><td>XM9UB1</td><td>Typhoid-paratyphoid vaccines</td></tr><tr><td>XM8DG3</td><td>Varicella zoster vaccines</td></tr><tr><td>XM0NS8</td><td>Varicella, live attenuated</td></tr><tr><td>XM0N24</td><td>Yellow fever vaccine</td></tr><tr><td>XM3418</td><td>Yellow fever, live attenuated</td></tr><tr><td>XM38G7</td><td>Dengue vaccine</td></tr><tr><td>XM68M6</td><td>COVID-19 vaccines</td></tr><tr><td>XM0GQ8</td><td>COVID-19 vaccine, RNA based</td></tr><tr><td>XM1NL1</td><td>COVID-19 vaccine, inactivated virus</td></tr><tr><td>XM1J92</td><td>COVID-19 vaccine, virus like particle</td></tr><tr><td>XM9QW8</td><td>COVID-19 vaccine, non-replicating viral vector</td></tr><tr><td>XM6AT1</td><td>COVID-19 vaccine, DNA based</td></tr><tr><td>XM5JC5</td><td>COVID-19 vaccine, virus protein subunit</td></tr><tr><td>XM3CT4</td><td>Recombinant SARS-CoV-2 vaccine</td></tr><tr><td>XM0CX4</td><td>COVID-19 vaccine, replicating viral vector</td></tr><tr><td>XM5DF6</td><td>COVID-19 vaccine, live attenuated virus</td></tr></table></li></ul></div>
  </text>
  <url value="http://smart.who.int/trust-phw/ValueSet/DVCVaccines"/>
  <version value="0.1.0"/>
  <name value="DVCVaccines"/>
  <title value="DVC - Vaccines"/>
  <status value="active"/>
  <date value="2025-10-07T06:40:24+00:00"/>
  <publisher value="WHO"/>
  <contact>
    <name value="WHO"/>
    <telecom>
      <system value="url"/>
      <value value="http://who.int"/>
    </telecom>
  </contact>
  <description value="This value set includes codes from ICD"/>
  <jurisdiction>
    <coding>
      <system value="http://unstats.un.org/unsd/methods/m49/m49.htm"/>
      <code value="001"/>
      <display value="World"/>
    </coding>
  </jurisdiction>
  <compose>
    <include>
      <system value="http://id.who.int/icd/release/11/mms"/>
      <concept>
        <code value="XM4639"/>
        <display value="Tuberculosis vaccines"/>
      </concept>
      <concept>
        <code value="XM8142"/>
        <display value="Tuberculosis, live attenuated vaccines"/>
      </concept>
      <concept>
        <code value="XM29K4"/>
        <display value="Cholera vaccines"/>
      </concept>
      <concept>
        <code value="XM3Z26"/>
        <display value="Cholera, inactivated, whole cell vaccines"/>
      </concept>
      <concept>
        <code value="XM72A0"/>
        <display value="Cholera, live attenuated vaccines"/>
      </concept>
      <concept>
        <code value="XM1FT6"/>
        <display value="Cholera, combinations with typhoid vaccine, inactivated, whole cell vaccines"/>
      </concept>
      <concept>
        <code value="XM8AW3"/>
        <display value="Diphtheria vaccines"/>
      </concept>
      <concept>
        <code value="XM9744"/>
        <display value="Diphtheria, rubella, tetanus vaccines"/>
      </concept>
      <concept>
        <code value="XM31Q8"/>
        <display value="Tetanus, diphtheria, acellular pertussis"/>
      </concept>
      <concept>
        <code value="XM8AW1"/>
        <display value="Diphtheria, poliomyelitis, tetanus vaccines"/>
      </concept>
      <concept>
        <code value="XM09Q7"/>
        <display value="Diphtheria, pertussis, poliomyelitis, tetanus vaccines"/>
      </concept>
      <concept>
        <code value="XM41N3"/>
        <display value="Diphtheria, hepatitis B, pertussis, tetanus vaccines"/>
      </concept>
      <concept>
        <code value="XM1LX9"/>
        <display value="Diphtheria, hemophilus influenzae B, pertussis, poliomyelitis, tetanus vaccines"/>
      </concept>
      <concept>
        <code value="XM3G68"/>
        <display value="Diphtheria, hepatitis B, tetanus vaccines"/>
      </concept>
      <concept>
        <code value="XM0LT9"/>
        <display value="Diphtheria, pertussis, poliomyelitis, tetanus, hepatitis B vaccines"/>
      </concept>
      <concept>
        <code value="XM7JP3"/>
        <display value="Diphtheria, hemophilus influenzae B, pertussis, tetanus, hepatitis B vaccines"/>
      </concept>
      <concept>
        <code value="XM5XP9"/>
        <display value="Diphtheria, hemophilus influenzae B, pertussis, tetanus-hepatitis B, meningococcus A + C vaccines"/>
      </concept>
      <concept>
        <code value="XM1G86"/>
        <display value="Tetanus toxoid, combinations with diphtheria toxoid vaccines"/>
      </concept>
      <concept>
        <code value="XM32Q5"/>
        <display value="Tetanus and diphtheria vaccines"/>
      </concept>
      <concept>
        <code value="XM2CV8"/>
        <display value="Vaccines pertussis with diphtheria"/>
      </concept>
      <concept>
        <code value="XM21E6"/>
        <display value="Diphtheria tetanus, acellular pertussis, inactivated polio virus, haemophilus Influenzae type B vaccines"/>
      </concept>
      <concept>
        <code value="XM84S1"/>
        <display value="Diphtheria, hepatitis B, tetanus, acellular pertussis, inactivated polio virus, haemophilus Influenzae type B vaccines"/>
      </concept>
      <concept>
        <code value="XM9JP8"/>
        <display value="Diphtheria, tetanus, acellular pertussis, inactivated polio virus vaccines"/>
      </concept>
      <concept>
        <code value="XM46V1"/>
        <display value="Diphtheria vaccines combination including pertussis"/>
      </concept>
      <concept>
        <code value="XM4039"/>
        <display value="Vaccines diphtheria with tetanus"/>
      </concept>
      <concept>
        <code value="XM11V3"/>
        <display value="Haemophilus influenzae B vaccines"/>
      </concept>
      <concept>
        <code value="XM01H1"/>
        <display value="Hemophilus influenzae B and poliomyelitis vaccines"/>
      </concept>
      <concept>
        <code value="XM32L7"/>
        <display value="Hemophilus influenzae B and hepatitis B vaccines"/>
      </concept>
      <concept>
        <code value="XM6LL6"/>
        <display value="Hepatitis vaccines"/>
      </concept>
      <concept>
        <code value="XM2A12"/>
        <display value="Hepatitis A, inactivated, whole virus"/>
      </concept>
      <concept>
        <code value="XM3JA6"/>
        <display value="Typhoid, hepatitis A vaccines"/>
      </concept>
      <concept>
        <code value="XM03Y7"/>
        <display value="Combinations hepatitis vaccines"/>
      </concept>
      <concept>
        <code value="XM9V38"/>
        <display value="Hepatitis B, purified antigen"/>
      </concept>
      <concept>
        <code value="XM9QP0"/>
        <display value="Papillomavirus vaccine"/>
      </concept>
      <concept>
        <code value="XM1821"/>
        <display value="Papillomavirus (human types 6,11,16,18)"/>
      </concept>
      <concept>
        <code value="XM9BT4"/>
        <display value="Papillomavirus (human types 16,18)"/>
      </concept>
      <concept>
        <code value="XM5CE9"/>
        <display value="Papillomavirus (human types 6,11,16,18,31,33,45,52,58)"/>
      </concept>
      <concept>
        <code value="XM0LB5"/>
        <display value="Encephalitis, Japanese, inactivated, whole virus"/>
      </concept>
      <concept>
        <code value="XM47S0"/>
        <display value="Encephalitis, Japanese, live attenuated"/>
      </concept>
      <concept>
        <code value="XM28X5"/>
        <display value="Measles vaccines"/>
      </concept>
      <concept>
        <code value="XM8L15"/>
        <display value="Measles, live attenuated"/>
      </concept>
      <concept>
        <code value="XM8TF3"/>
        <display value="Measles, combinations with mumps and rubella, live attenuated"/>
      </concept>
      <concept>
        <code value="XM21H2"/>
        <display value="Measles, combinations with rubella, live attenuated"/>
      </concept>
      <concept>
        <code value="XM4AJ8"/>
        <display value="Measles, combinations with mumps, rubella and varicella, live attenuated"/>
      </concept>
      <concept>
        <code value="XM9439"/>
        <display value="Measles, combinations with mumps, live attenuated"/>
      </concept>
      <concept>
        <code value="XM2WV4"/>
        <display value="Meningococcal vaccines"/>
      </concept>
      <concept>
        <code value="XM92B2"/>
        <display value="Meningococcal monovalent purified polysaccharides antigen vaccines"/>
      </concept>
      <concept>
        <code value="XM5LC2"/>
        <display value="Meningococcal polyvalent purified polysaccharides antigen vaccines"/>
      </concept>
      <concept>
        <code value="XM18Y8"/>
        <display value="Meningococcus C, purified polysaccharides antigen conjugated vaccines"/>
      </concept>
      <concept>
        <code value="XM2280"/>
        <display value="Meningococcus A, purified polysaccharides antigen conjugated vaccines"/>
      </concept>
      <concept>
        <code value="XM9GJ1"/>
        <display value="Meningococcus B, outer membrane vesicle vaccines"/>
      </concept>
      <concept>
        <code value="XM1X81"/>
        <display value="Meningococcus B, multicomponent vaccines"/>
      </concept>
      <concept>
        <code value="XM37L5"/>
        <display value="Meningococcus A, purified polysaccharides antigen vaccines"/>
      </concept>
      <concept>
        <code value="XM1131"/>
        <display value="Mumps vaccine"/>
      </concept>
      <concept>
        <code value="XM2340"/>
        <display value="Mumps, live attenuated"/>
      </concept>
      <concept>
        <code value="XM3B09"/>
        <display value="Rubella, combinations with mumps, live attenuated"/>
      </concept>
      <concept>
        <code value="XM43M9"/>
        <display value="Pertussis vaccines"/>
      </concept>
      <concept>
        <code value="XM45L8"/>
        <display value="Pertussis, inactivated, whole cell vaccines"/>
      </concept>
      <concept>
        <code value="XM62J1"/>
        <display value="Pertussis, purified antigen vaccines"/>
      </concept>
      <concept>
        <code value="XM2TK2"/>
        <display value="Pertussis, inactivated, whole cell, combinations with toxoids vaccines"/>
      </concept>
      <concept>
        <code value="XM4082"/>
        <display value="Pertussis, purified antigen, combinations with toxoids vaccines"/>
      </concept>
      <concept>
        <code value="XM9EM7"/>
        <display value="Pneumococcal vaccines"/>
      </concept>
      <concept>
        <code value="XM9G97"/>
        <display value="Pneumococcal conjugate (13-valent) vaccines"/>
      </concept>
      <concept>
        <code value="XM2249"/>
        <display value="Pneumococcal polysaccharide 23-valent vaccines"/>
      </concept>
      <concept>
        <code value="XM91D7"/>
        <display value="Pneumococcus, purified polysaccharides antigen vaccines"/>
      </concept>
      <concept>
        <code value="XM96S7"/>
        <display value="Pneumococcus, purified polysaccharides antigen conjugated vaccines"/>
      </concept>
      <concept>
        <code value="XM4R39"/>
        <display value="Pneumococcus purified polysaccharides antigen and Haemophilus influenzae, conjugated vaccines"/>
      </concept>
      <concept>
        <code value="XM0N50"/>
        <display value="Poliomyelitis vaccines"/>
      </concept>
      <concept>
        <code value="XM5V19"/>
        <display value="Poliomyelitis, trivalent, inactivated, whole virus"/>
      </concept>
      <concept>
        <code value="XM79H3"/>
        <display value="Poliomyelitis oral, bivalent, live attenuated"/>
      </concept>
      <concept>
        <code value="XM0VX8"/>
        <display value="Poliomyelitis oral, monovalent live attenuated"/>
      </concept>
      <concept>
        <code value="XM0KZ1"/>
        <display value="Poliomyelitis oral, trivalent, live attenuated"/>
      </concept>
      <concept>
        <code value="XM6T09"/>
        <display value="Rabies vaccine"/>
      </concept>
      <concept>
        <code value="XM7BE8"/>
        <display value="Rabies, inactivated, whole virus"/>
      </concept>
      <concept>
        <code value="XM1CE0"/>
        <display value="Rotavirus diarrhoea vaccines"/>
      </concept>
      <concept>
        <code value="XM4GV0"/>
        <display value="Rota virus, live attenuated"/>
      </concept>
      <concept>
        <code value="XM4VG1"/>
        <display value="Rota virus, pentavalent, live, reassorted"/>
      </concept>
      <concept>
        <code value="XM7PP1"/>
        <display value="Rubella vaccine"/>
      </concept>
      <concept>
        <code value="XM9PS9"/>
        <display value="Rubella, live attenuated"/>
      </concept>
      <concept>
        <code value="XM1LR5"/>
        <display value="Influenza vaccines"/>
      </concept>
      <concept>
        <code value="XM8857"/>
        <display value="Influenza vaccine, inactivated, whole virus"/>
      </concept>
      <concept>
        <code value="XM5V64"/>
        <display value="Influenza vaccines, live attenuated"/>
      </concept>
      <concept>
        <code value="XM8MP2"/>
        <display value="Influenza vaccines, inactivated, split virus or surface antigen"/>
      </concept>
      <concept>
        <code value="XM9E16"/>
        <display value="Influenza vaccines, virus like particle"/>
      </concept>
      <concept>
        <code value="XM33X8"/>
        <display value="Influenza, purified antigen"/>
      </concept>
      <concept>
        <code value="XM5L44"/>
        <display value="Tetanus vaccines"/>
      </concept>
      <concept>
        <code value="XM29H5"/>
        <display value="Tetanus toxoid vaccines"/>
      </concept>
      <concept>
        <code value="XM9AK2"/>
        <display value="Tetanus toxoid, combinations with tetanus immunoglobulin vaccines"/>
      </concept>
      <concept>
        <code value="XM0RC1"/>
        <display value="Encephalitis vaccines"/>
      </concept>
      <concept>
        <code value="XM8MP6"/>
        <display value="Encephalitis, tick borne, inactivated, whole virus"/>
      </concept>
      <concept>
        <code value="XM8BU8"/>
        <display value="Typhoid vaccines"/>
      </concept>
      <concept>
        <code value="XM33K4"/>
        <display value="Typhoid, oral, live attenuated vaccines"/>
      </concept>
      <concept>
        <code value="XM89G3"/>
        <display value="Typhoid, inactivated, whole cell vaccines"/>
      </concept>
      <concept>
        <code value="XM3SF6"/>
        <display value="Typhoid, purified polysaccharide antigen vaccines"/>
      </concept>
      <concept>
        <code value="XM9UB1"/>
        <display value="Typhoid-paratyphoid vaccines"/>
      </concept>
      <concept>
        <code value="XM8DG3"/>
        <display value="Varicella zoster vaccines"/>
      </concept>
      <concept>
        <code value="XM0NS8"/>
        <display value="Varicella, live attenuated"/>
      </concept>
      <concept>
        <code value="XM0N24"/>
        <display value="Yellow fever vaccine"/>
      </concept>
      <concept>
        <code value="XM3418"/>
        <display value="Yellow fever, live attenuated"/>
      </concept>
      <concept>
        <code value="XM38G7"/>
        <display value="Dengue vaccine"/>
      </concept>
      <concept>
        <code value="XM68M6"/>
        <display value="COVID-19 vaccines"/>
      </concept>
      <concept>
        <code value="XM0GQ8"/>
        <display value="COVID-19 vaccine, RNA based"/>
      </concept>
      <concept>
        <code value="XM1NL1"/>
        <display value="COVID-19 vaccine, inactivated virus"/>
      </concept>
      <concept>
        <code value="XM1J92"/>
        <display value="COVID-19 vaccine, virus like particle"/>
      </concept>
      <concept>
        <code value="XM9QW8"/>
        <display value="COVID-19 vaccine, non-replicating viral vector"/>
      </concept>
      <concept>
        <code value="XM6AT1"/>
        <display value="COVID-19 vaccine, DNA based"/>
      </concept>
      <concept>
        <code value="XM5JC5"/>
        <display value="COVID-19 vaccine, virus protein subunit"/>
      </concept>
      <concept>
        <code value="XM3CT4"/>
        <display value="Recombinant SARS-CoV-2 vaccine"/>
      </concept>
      <concept>
        <code value="XM0CX4"/>
        <display value="COVID-19 vaccine, replicating viral vector"/>
      </concept>
      <concept>
        <code value="XM5DF6"/>
        <display value="COVID-19 vaccine, live attenuated virus"/>
      </concept>
    </include>
  </compose>
</ValueSet>