{
  "resourceType" : "Procedure",
  "id" : "anc-b10-de142-example",
  "meta" : {
    "profile" : ["http://smart.who.int/anc/StructureDefinition/anc-b10-de142"]
  },
  "text" : {
    "status" : "generated",
    "div" : "<div xmlns=\"http://www.w3.org/1999/xhtml\"><p class=\"res-header-id\"><b>Generated Narrative: Procedure anc-b10-de142-example</b></p><a name=\"anc-b10-de142-example\"> </a><a name=\"hcanc-b10-de142-example\"> </a><div style=\"display: inline-block; background-color: #d9e0e7; padding: 6px; margin: 4px; border: 1px solid #8da1b4; border-radius: 5px; line-height: 60%\"><p style=\"margin-bottom: 0px\"/><p style=\"margin-bottom: 0px\">Profile: <a href=\"StructureDefinition-anc-b10-de142.html\">Counselling conducted on Rh factor negative</a></p></div><p><b>identifier</b>: <code>http://example.org/fhir/NamingSystem/identifiers</code>/anc-b10-de142-example\u00a0(use:\u00a0official,\u00a0)</p><p><b>status</b>: Completed</p><p><b>code</b>: <span title=\"Codes:{http://smart.who.int/anc/CodeSystem/anc-custom-codes ANC.B10.DE142}, {http://hl7.org/fhir/sid/icd-10 Z71.8}, {http://id.who.int/icd11/mms QA1Y}, {http://snomed.info/sct 171014001}, {https://mitel.dimi.uniud.it/ichi/#http://id.who.int/ichi DTB.PP.ZZ}\">Counselling conducted on Rh factor negative</span></p><p><b>subject</b>: <a href=\"Patient-anc-patient-example.html\">bkxb1u3focs0 ujm2ja8ighp1a  (no stated gender), DoB: 2021-03-10 ( dh0xw4oes8c)</a></p><p><b>encounter</b>: <a href=\"Encounter-anc-encounter-example.html\">Encounter: identifier = http://example.org/fhir/NamingSystem/identifiers#anc-encounter-example\u00a0(use:\u00a0official,\u00a0); period = 2020-12-07 06:24:03-0700 --&gt; 2021-09-07 14:24:12-0600; reasonCode = Specific complaint related to antenatal care</a></p><h3>Performers</h3><table class=\"grid\"><tr><td style=\"display: none\">-</td><td><b>Actor</b></td></tr><tr><td style=\"display: none\">*</td><td><a href=\"PractitionerRole/anc-practitionerrole-example\">PractitionerRole/anc-practitionerrole-example</a></td></tr></table><p><b>location</b>: <a href=\"Location/anc-location-example\">Location/anc-location-example</a></p></div>"
  },
  "identifier" : [{
    "use" : "official",
    "system" : "http://example.org/fhir/NamingSystem/identifiers",
    "value" : "anc-b10-de142-example"
  }],
  "status" : "completed",
  "code" : {
    "coding" : [{
      "system" : "http://smart.who.int/anc/CodeSystem/anc-custom-codes",
      "code" : "ANC.B10.DE142",
      "display" : "Counselling conducted on Rh factor negative"
    },
    {
      "system" : "http://hl7.org/fhir/sid/icd-10",
      "code" : "Z71.8",
      "display" : "Other specified counselling"
    },
    {
      "system" : "http://id.who.int/icd11/mms",
      "code" : "QA1Y",
      "display" : "Contact with health services for other specified counselling"
    },
    {
      "system" : "http://snomed.info/sct",
      "code" : "171014001",
      "display" : "Medical counseling (procedure)"
    },
    {
      "system" : "https://mitel.dimi.uniud.it/ichi/#http://id.who.int/ichi",
      "code" : "DTB.PP.ZZ",
      "display" : "Counselling for functions of the immunological system"
    }]
  },
  "subject" : {
    "reference" : "Patient/anc-patient-example"
  },
  "encounter" : {
    "reference" : "Encounter/anc-encounter-example"
  },
  "performer" : [{
    "actor" : {
      "reference" : "PractitionerRole/anc-practitionerrole-example"
    }
  }],
  "location" : {
    "reference" : "Location/anc-location-example"
  }
}