{
  "resourceType" : "ValueSet",
  "id" : "WHODDCCDiseaseTargetedCOVID19",
  "text" : {
    "status" : "generated",
    "div" : "<div xmlns=\"http://www.w3.org/1999/xhtml\"><p class=\"res-header-id\"><b>Generated Narrative: ValueSet WHODDCCDiseaseTargetedCOVID19</b></p><a name=\"WHODDCCDiseaseTargetedCOVID19\"> </a><a name=\"hcWHODDCCDiseaseTargetedCOVID19\"> </a><a name=\"WHODDCCDiseaseTargetedCOVID19-en-US\"> </a><ul><li>Include these codes as defined in <code>http://id.who.int/icd11/mms</code><table class=\"none\"><tr><td style=\"white-space:nowrap\"><b>Code</b></td><td><b>Display</b></td></tr><tr><td>RA01</td><td>COVID-19</td></tr></table></li></ul></div>"
  },
  "url" : "http://smart.who.int/ddcc/ValueSet/WHODDCCDiseaseTargetedCOVID19",
  "version" : "1.0.1",
  "name" : "WHODDCCDiseaseTargetedCOVID19",
  "title" : "WHO Disease or Agent Targeted (COVID-19)",
  "status" : "draft",
  "date" : "2024-12-18T16:40:01+01:00",
  "publisher" : "WHO",
  "contact" : [{
    "name" : "WHO",
    "telecom" : [{
      "system" : "url",
      "value" : "http://who.int"
    }]
  }],
  "description" : "WHO Disease or Agent Targeted List (COVID-19) from [ICD 11](https://icd.who.int/browse11)",
  "jurisdiction" : [{
    "coding" : [{
      "system" : "http://unstats.un.org/unsd/methods/m49/m49.htm",
      "code" : "001"
    }]
  }],
  "compose" : {
    "include" : [{
      "system" : "http://id.who.int/icd11/mms",
      "concept" : [{
        "code" : "RA01",
        "display" : "COVID-19"
      }]
    }]
  }
}