URL,Version,Status,OIDs,Name,Title,Description,Uses,Used,Sources
http://hl7.org/fhir/5.0/ValueSet/all-languages,5.0.0,active,"2.16.840.1.113883.4.642.3.21",AllLanguages,All Languages,"This value set includes all possible codes from BCP-47 (see http://tools.ietf.org/html/bcp47)","StructureDefinition/SGRequirements,StructureDefinition/SGActor","hl7.fhir.uv.xver-r5.r4"
http://hl7.org/fhir/5.0/ValueSet/conformance-expectation,5.0.0,active,"2.16.840.1.113883.4.642.3.919,2.16.840.1.113883.4.642.2.381,2.16.840.1.113883.4.642.3.838",ConformanceExpectation,Conformance Expectation,"Description Needed Here","StructureDefinition/SGRequirements","FHIR"
http://hl7.org/fhir/5.0/ValueSet/examplescenario-actor-type,5.0.0,draft,"2.16.840.1.113883.4.642.3.858",ExampleScenarioActorType,Example Scenario Actor Type,"The type of actor - system or human.","StructureDefinition/SGActor","FHIR"
http://hl7.org/fhir/5.0/ValueSet/jurisdiction,5.0.0,draft,"2.16.840.1.113883.4.642.3.48",JurisdictionValueSet,Jurisdiction ValueSet,"This value set defines a base set of codes for country, country subdivision and region    for indicating where a resource is intended to be used.             Note: The codes for countries and country subdivisions are taken from    [ISO 3166](https://www.iso.org/iso-3166-country-codes.html)    while the codes for ""supra-national"" regions are from    [UN Standard country or area codes for statistical use (M49)](http://unstats.un.org/unsd/methods/m49/m49.htm).","StructureDefinition/SGRequirements,StructureDefinition/SGActor","hl7.terminology.r4,Other"
http://hl7.org/fhir/5.0/ValueSet/publication-status,5.0.0,active,"2.16.840.1.113883.4.642.3.3",PublicationStatus,PublicationStatus,"The lifecycle status of an artifact.","StructureDefinition/SGRequirements,StructureDefinition/SGActor","FHIR"
http://hl7.org/fhir/5.0/ValueSet/version-algorithm,5.0.0,draft,"2.16.840.1.113883.4.642.3.3103",VersionAlgorithm,Version Algorithm,"Indicates the mechanism used to compare versions to determine which is more current.","StructureDefinition/SGRequirements,StructureDefinition/SGActor","FHIR"
http://hl7.org/fhir/ValueSet/FHIR-version,4.0.1,active,"2.16.840.1.113883.4.642.3.1309",FHIRVersion,FHIRVersion,"All published FHIR Versions.","StructureDefinition/SGStructureDefinition,StructureDefinition/SGLogicalModel,StructureDefinition/SushiConfigLogicalModel,StructureDefinition/SGImplementationGuide","hl7.fhir.r4.core"
http://hl7.org/fhir/ValueSet/action-cardinality-behavior,4.0.1,draft,"2.16.840.1.113883.4.642.3.807",ActionCardinalityBehavior,ActionCardinalityBehavior,"Defines behavior for an action or a group for how many times that item may be repeated.","StructureDefinition/SGPlanDefinition,StructureDefinition/SGBusinessProcess,StructureDefinition/SGDecisionTable","hl7.fhir.r4.core"
http://hl7.org/fhir/ValueSet/action-condition-kind,4.0.1,draft,"2.16.840.1.113883.4.642.3.815",ActionConditionKind,ActionConditionKind,"Defines the kinds of conditions that can appear on actions.","StructureDefinition/SGPlanDefinition,StructureDefinition/SGBusinessProcess,StructureDefinition/SGDecisionTable","hl7.fhir.r4.core"
http://hl7.org/fhir/ValueSet/action-grouping-behavior,4.0.1,draft,"2.16.840.1.113883.4.642.3.799",ActionGroupingBehavior,ActionGroupingBehavior,"Defines organization behavior of a group.","StructureDefinition/SGPlanDefinition,StructureDefinition/SGBusinessProcess,StructureDefinition/SGDecisionTable","hl7.fhir.r4.core"
http://hl7.org/fhir/ValueSet/action-participant-role,4.0.1,draft,"2.16.840.1.113883.4.642.3.796",ActionParticipantRole,Action participant role,"Either a practitioner role or a relationship type.","StructureDefinition/SGPlanDefinition,StructureDefinition/SGBusinessProcess,StructureDefinition/SGActivityDefinition,StructureDefinition/SGDecisionTable",
http://hl7.org/fhir/ValueSet/action-participant-type,4.0.1,draft,"2.16.840.1.113883.4.642.3.811",ActionParticipantType,ActionParticipantType,"The type of participant for the action.","StructureDefinition/SGPlanDefinition,StructureDefinition/SGBusinessProcess,StructureDefinition/SGActivityDefinition,StructureDefinition/SGDecisionTable","hl7.fhir.r4.core"
http://hl7.org/fhir/ValueSet/action-precheck-behavior,4.0.1,draft,"2.16.840.1.113883.4.642.3.805",ActionPrecheckBehavior,ActionPrecheckBehavior,"Defines selection frequency behavior for an action or group.","StructureDefinition/SGPlanDefinition,StructureDefinition/SGBusinessProcess,StructureDefinition/SGDecisionTable","hl7.fhir.r4.core"
http://hl7.org/fhir/ValueSet/action-relationship-type,4.0.1,draft,"2.16.840.1.113883.4.642.3.813",ActionRelationshipType,ActionRelationshipType,"Defines the types of relationships between actions.","StructureDefinition/SGPlanDefinition,StructureDefinition/SGBusinessProcess,StructureDefinition/SGDecisionTable","hl7.fhir.r4.core"
http://hl7.org/fhir/ValueSet/action-required-behavior,4.0.1,draft,"2.16.840.1.113883.4.642.3.803",ActionRequiredBehavior,ActionRequiredBehavior,"Defines expectations around whether an action or action group is required.","StructureDefinition/SGPlanDefinition,StructureDefinition/SGBusinessProcess,StructureDefinition/SGDecisionTable","hl7.fhir.r4.core"
http://hl7.org/fhir/ValueSet/action-selection-behavior,4.0.1,draft,"2.16.840.1.113883.4.642.3.801",ActionSelectionBehavior,ActionSelectionBehavior,"Defines selection behavior of a group.","StructureDefinition/SGPlanDefinition,StructureDefinition/SGBusinessProcess,StructureDefinition/SGDecisionTable","hl7.fhir.r4.core"
http://hl7.org/fhir/ValueSet/action-type,4.0.1,draft,"2.16.840.1.113883.4.642.3.809",ActionType,ActionType,"The type of action to be performed.","StructureDefinition/SGPlanDefinition,StructureDefinition/SGBusinessProcess,StructureDefinition/SGDecisionTable","THO"
http://hl7.org/fhir/ValueSet/binding-strength,4.0.1,active,"2.16.840.1.113883.4.642.3.43",BindingStrength,BindingStrength,"Indication of the degree of conformance expectations associated with a binding.","StructureDefinition/SGLogicalModel","hl7.fhir.r4.core"
http://hl7.org/fhir/ValueSet/body-site,4.0.1,draft,"2.16.840.1.113883.4.642.3.141",SNOMEDCTBodyStructures,SNOMED CT Body Structures,"This value set includes all codes from [SNOMED CT](http://snomed.info/sct) where concept is-a 442083009 (Anatomical or acquired body site (body structure)).","StructureDefinition/SGActivityDefinition","SCT"
http://hl7.org/fhir/ValueSet/clinical-findings,4.0.1,draft,"2.16.840.1.113883.4.642.3.232",SNOMEDCTClinicalFindings,SNOMED CT Clinical Findings,"This value set includes all the ""Clinical finding"" [SNOMED CT](http://snomed.info/sct) codes - concepts where concept is-a 404684003 (Clinical finding (finding)).","StructureDefinition/SGPlanDefinition,StructureDefinition/SGBusinessProcess,StructureDefinition/SGDecisionTable","SCT"
http://hl7.org/fhir/ValueSet/codesystem-content-mode,4.0.1,active,"2.16.840.1.113883.4.642.3.782",CodeSystemContentMode,CodeSystemContentMode,"The extent of the content of the code system (the concepts and codes it defines) are represented in a code system resource.","StructureDefinition/SGCodeSystem","hl7.fhir.r4.core"
http://hl7.org/fhir/ValueSet/codesystem-hierarchy-meaning,4.0.1,active,"2.16.840.1.113883.4.642.3.784",CodeSystemHierarchyMeaning,CodeSystemHierarchyMeaning,"The meaning of the hierarchy of concepts in a code system.","StructureDefinition/SGCodeSystem","hl7.fhir.r4.core"
http://hl7.org/fhir/ValueSet/communication-category,4.0.1,draft,"2.16.840.1.113883.4.642.3.172",CommunicationCategory,CommunicationCategory,"Codes for general categories of communications such as alerts, instructions, etc.","StructureDefinition/SGCommunicationRequest","THO"
http://hl7.org/fhir/ValueSet/compartment-type,4.0.1,draft,"2.16.840.1.113883.4.642.3.786",CompartmentType,CompartmentType,"Which type a compartment definition describes.","StructureDefinition/SGGraphDefinition,StructureDefinition/SGTransaction","hl7.fhir.r4.core"
http://hl7.org/fhir/ValueSet/composite-measure-scoring,4.0.1,draft,"2.16.840.1.113883.4.642.3.773",CompositeMeasureScoring,CompositeMeasureScoring,"The composite scoring method of the measure.","StructureDefinition/SGMeasure","THO"
http://hl7.org/fhir/ValueSet/concept-map-equivalence,4.0.1,draft,"2.16.840.1.113883.4.642.3.17",ConceptMapEquivalence,ConceptMapEquivalence,"The degree of equivalence between concepts.","StructureDefinition/SGConceptMap","hl7.fhir.r4.core"
http://hl7.org/fhir/ValueSet/concept-property-type,4.0.1,active,"2.16.840.1.113883.4.642.3.780",PropertyType,PropertyType,"The type of a property value.","StructureDefinition/SGCodeSystem","hl7.fhir.r4.core"
http://hl7.org/fhir/ValueSet/conceptmap-unmapped-mode,4.0.1,draft,"2.16.840.1.113883.4.642.3.480",ConceptMapGroupUnmappedMode,ConceptMapGroupUnmappedMode,"Defines which action to take if there is no match in the group.","StructureDefinition/SGConceptMap","hl7.fhir.r4.core"
http://hl7.org/fhir/ValueSet/condition-code,4.0.1,draft,"2.16.840.1.113883.4.642.3.161",Condition/Problem/DiagnosisCodes,Condition/Problem/Diagnosis Codes,"Example value set for Condition/Problem/Diagnosis codes.","StructureDefinition/SGPlanDefinition,StructureDefinition/SGBusinessProcess,StructureDefinition/SGDecisionTable","SCT"
http://hl7.org/fhir/ValueSet/constraint-severity,4.0.1,active,"2.16.840.1.113883.4.642.3.81",ConstraintSeverity,ConstraintSeverity,"SHALL applications comply with this constraint?","StructureDefinition/SGLogicalModel","hl7.fhir.r4.core"
http://hl7.org/fhir/ValueSet/defined-types,4.0.1,active,"2.16.840.1.113883.4.642.3.24",FHIRDefinedType,FHIRDefinedType,"A list of all the concrete types defined in this version of the FHIR specification - Data Types and Resource Types.","StructureDefinition/SGStructureDefinition,StructureDefinition/SGLogicalModel","hl7.fhir.r4.core"
http://hl7.org/fhir/ValueSet/definition-topic,4.0.1,draft,"2.16.840.1.113883.4.642.3.794",DefinitionTopic,DefinitionTopic,"High-level categorization of the definition, used for searching, sorting, and filtering.","StructureDefinition/SGPlanDefinition,StructureDefinition/SGBusinessProcess,StructureDefinition/SGMeasure,StructureDefinition/SGLibrary,StructureDefinition/SGActivityDefinition,StructureDefinition/SGDecisionTable","THO"
http://hl7.org/fhir/ValueSet/definition-use,4.0.1,active,"2.16.840.1.113883.4.642.3.1190",DefinitionUseCodes,Structure Definition Use Codes / Keywords,"Structure Definition Use Codes / Keywords","StructureDefinition/SGStructureDefinition,StructureDefinition/SGLogicalModel","THO"
http://hl7.org/fhir/ValueSet/designation-use,4.0.1,active,"2.16.840.1.113883.4.642.3.264",DesignationUse,Designation Use,"Details of how a designation would be used","StructureDefinition/SGCodeSystem,StructureDefinition/SGValueSet","SCT"
http://hl7.org/fhir/ValueSet/discriminator-type,4.0.1,active,"2.16.840.1.113883.4.642.3.91",DiscriminatorType,DiscriminatorType,"How an element value is interpreted when discrimination is evaluated.","StructureDefinition/SGLogicalModel","hl7.fhir.r4.core"
http://hl7.org/fhir/ValueSet/extension-context-type,4.0.1,active,"2.16.840.1.113883.4.642.3.1012",ExtensionContextType,ExtensionContextType,"How an extension context is interpreted.","StructureDefinition/SGStructureDefinition,StructureDefinition/SGLogicalModel","hl7.fhir.r4.core"
http://hl7.org/fhir/ValueSet/filter-operator,4.0.1,active,"2.16.840.1.113883.4.642.3.478",FilterOperator,FilterOperator,"The kind of operation to perform as a part of a property based filter.","StructureDefinition/SGCodeSystem,StructureDefinition/SGValueSet","hl7.fhir.r4.core"
http://hl7.org/fhir/ValueSet/goal-category,4.0.1,draft,"2.16.840.1.113883.4.642.3.275",GoalCategory,Goal category,"Example codes for grouping goals to use for filtering or presentation.","StructureDefinition/SGPlanDefinition,StructureDefinition/SGBusinessProcess,StructureDefinition/SGDecisionTable","THO"
http://hl7.org/fhir/ValueSet/goal-priority,4.0.1,draft,"2.16.840.1.113883.4.642.3.273",GoalPriority,Goal priority,"Indicates the level of importance associated with reaching or sustaining a goal.","StructureDefinition/SGPlanDefinition,StructureDefinition/SGBusinessProcess,StructureDefinition/SGDecisionTable","THO"
http://hl7.org/fhir/ValueSet/goal-start-event,4.0.1,draft,"2.16.840.1.113883.4.642.3.279",GoalStartEvent,Goal start event,"Identifies types of events that might trigger the start of a goal.","StructureDefinition/SGPlanDefinition,StructureDefinition/SGBusinessProcess,StructureDefinition/SGDecisionTable","SCT"
http://hl7.org/fhir/ValueSet/graph-compartment-rule,4.0.1,draft,"2.16.840.1.113883.4.642.3.280",GraphCompartmentRule,GraphCompartmentRule,"How a compartment must be linked.","StructureDefinition/SGGraphDefinition,StructureDefinition/SGTransaction","hl7.fhir.r4.core"
http://hl7.org/fhir/ValueSet/graph-compartment-use,4.0.1,draft,"2.16.840.1.113883.4.642.3.282",GraphCompartmentUse,GraphCompartmentUse,"Defines how a compartment rule is used.","StructureDefinition/SGGraphDefinition,StructureDefinition/SGTransaction","hl7.fhir.r4.core"
http://hl7.org/fhir/ValueSet/group-type,4.0.1,draft,"2.16.840.1.113883.4.642.3.284",GroupType,GroupType,"Types of resources that are part of group.","StructureDefinition/SGGroupDefinition","hl7.fhir.r4.core"
http://hl7.org/fhir/ValueSet/guide-page-generation,4.0.1,draft,"2.16.840.1.113883.4.642.3.998",GuidePageGeneration,GuidePageGeneration,"A code that indicates how the page is generated.","StructureDefinition/SGImplementationGuide","hl7.fhir.r4.core"
http://hl7.org/fhir/ValueSet/guide-parameter-code,4.0.1,draft,"2.16.840.1.113883.4.642.3.996",GuideParameterCode,GuideParameterCode,"Code of parameter that is input to the guide.","StructureDefinition/SGImplementationGuide","hl7.fhir.r4.core"
http://hl7.org/fhir/ValueSet/identifier-type,4.0.1,active,"2.16.840.1.113883.4.642.3.45",Identifier Type Codes,IdentifierType,"A coded type for an identifier that can be used to determine which identifier to use for a specific purpose.","StructureDefinition/SGGroupDefinition","THO (V2)"
http://hl7.org/fhir/ValueSet/identifier-use,4.0.1,active,"2.16.840.1.113883.4.642.3.57",IdentifierUse,IdentifierUse,"Identifies the purpose for this identifier, if known .","StructureDefinition/SGGroupDefinition","hl7.fhir.r4.core"
http://hl7.org/fhir/ValueSet/item-type,4.0.1,draft,"2.16.840.1.113883.4.642.3.444",QuestionnaireItemType,QuestionnaireItemType,"Distinguishes groups from questions and display text and indicates data type for questions.","StructureDefinition/SGQuestionnaire","hl7.fhir.r4.core"
http://hl7.org/fhir/ValueSet/jurisdiction,4.0.1,active,"2.16.840.1.113883.4.642.3.48",Jurisdiction ValueSet,Jurisdiction,"This value set defines a base set of codes for country, country subdivision and region    for indicating where a resource is intended to be used.             Note: The codes for countries and country subdivisions are taken from    [ISO 3166](https://www.iso.org/iso-3166-country-codes.html)    while the codes for ""supra-national"" regions are from    [UN Standard country or area codes for statistical use (M49)](http://unstats.un.org/unsd/methods/m49/m49.htm).","StructureDefinition/SGPlanDefinition,StructureDefinition/SGConceptMap,StructureDefinition/SGCodeSystem,StructureDefinition/SGBusinessProcess,StructureDefinition/SGGraphDefinition,StructureDefinition/SGStructureMap,StructureDefinition/SGLibrary,StructureDefinition/SGActivityDefinition,StructureDefinition/SGDecisionTable,StructureDefinition/SGQuestionnaire,StructureDefinition/SGStructureDefinition,StructureDefinition/SGLogicalModel,StructureDefinition/SGMeasure,StructureDefinition/SGTransaction,StructureDefinition/SGImplementationGuide,StructureDefinition/SGValueSet","hl7.terminology.r4,Other"
http://hl7.org/fhir/ValueSet/languages,4.0.1,draft,"2.16.840.1.113883.4.642.3.20",CommonLanguages,Common Languages,"This value set includes common codes from BCP-47 (http://tools.ietf.org/html/bcp47)","StructureDefinition/SGPlanDefinition,StructureDefinition/SGConceptMap,StructureDefinition/SGCodeSystem,StructureDefinition/SGBusinessProcess,StructureDefinition/SGGraphDefinition,StructureDefinition/SGStructureMap,StructureDefinition/SGLibrary,StructureDefinition/SGActor,StructureDefinition/SGActivityDefinition,StructureDefinition/SGDecisionTable,StructureDefinition/SGCommunicationRequest,StructureDefinition/SGQuestionnaire,StructureDefinition/SGStructureDefinition,StructureDefinition/SGLogicalModel,StructureDefinition/SGMeasure,StructureDefinition/SGRequirements,StructureDefinition/SGTransaction,StructureDefinition/SGImplementationGuide,StructureDefinition/SGValueSet,StructureDefinition/SGGroupDefinition","hl7.fhir.uv.xver-r5.r4"
http://hl7.org/fhir/ValueSet/library-type,4.0.1,draft,"2.16.840.1.113883.4.642.3.763",LibraryType,LibraryType,"The type of knowledge asset this library contains.","StructureDefinition/SGLibrary","THO"
http://hl7.org/fhir/ValueSet/map-context-type,4.0.1,draft,"2.16.840.1.113883.4.642.3.679",StructureMapContextType,StructureMapContextType,"How to interpret the context.","StructureDefinition/SGStructureMap","hl7.fhir.r4.core"
http://hl7.org/fhir/ValueSet/map-group-type-mode,4.0.1,draft,"2.16.840.1.113883.4.642.3.687",StructureMapGroupTypeMode,StructureMapGroupTypeMode,"If this is the default rule set to apply for the source type, or this combination of types.","StructureDefinition/SGStructureMap","hl7.fhir.r4.core"
http://hl7.org/fhir/ValueSet/map-input-mode,4.0.1,draft,"2.16.840.1.113883.4.642.3.677",StructureMapInputMode,StructureMapInputMode,"Mode for this instance of data.","StructureDefinition/SGStructureMap","hl7.fhir.r4.core"
http://hl7.org/fhir/ValueSet/map-model-mode,4.0.1,draft,"2.16.840.1.113883.4.642.3.675",StructureMapModelMode,StructureMapModelMode,"How the referenced structure is used in this mapping.","StructureDefinition/SGStructureMap","hl7.fhir.r4.core"
http://hl7.org/fhir/ValueSet/map-source-list-mode,4.0.1,draft,"2.16.840.1.113883.4.642.3.683",StructureMapSourceListMode,StructureMapSourceListMode,"If field is a list, how to manage the source.","StructureDefinition/SGStructureMap","hl7.fhir.r4.core"
http://hl7.org/fhir/ValueSet/map-target-list-mode,4.0.1,draft,"2.16.840.1.113883.4.642.3.685",StructureMapTargetListMode,StructureMapTargetListMode,"If field is a list, how to manage the production.","StructureDefinition/SGStructureMap","hl7.fhir.r4.core"
http://hl7.org/fhir/ValueSet/map-transform,4.0.1,draft,"2.16.840.1.113883.4.642.3.681",StructureMapTransform,StructureMapTransform,"How data is copied/created.","StructureDefinition/SGStructureMap","hl7.fhir.r4.core"
http://hl7.org/fhir/ValueSet/measure-data-usage,4.0.1,draft,"2.16.840.1.113883.4.642.3.771",MeasureDataUsage,MeasureDataUsage,"The intended usage for supplemental data elements in the measure.","StructureDefinition/SGMeasure","THO"
http://hl7.org/fhir/ValueSet/measure-improvement-notation,4.0.1,draft,"2.16.840.1.113883.4.642.3.1236",MeasureImprovementNotation,MeasureImprovementNotation,"Observation values that indicate what change in a measurement value or score is indicative of an improvement in the measured item or scored issue.","StructureDefinition/SGMeasure","THO"
http://hl7.org/fhir/ValueSet/measure-population,4.0.1,draft,"2.16.840.1.113883.4.642.3.765",MeasurePopulationType,MeasurePopulationType,"The type of population.","StructureDefinition/SGMeasure","THO"
http://hl7.org/fhir/ValueSet/measure-scoring,4.0.1,draft,"2.16.840.1.113883.4.642.3.767",MeasureScoring,MeasureScoring,"The scoring type of the measure.","StructureDefinition/SGMeasure","THO"
http://hl7.org/fhir/ValueSet/measure-type,4.0.1,draft,"2.16.840.1.113883.4.642.3.769",MeasureType,MeasureType,"The type of measure (includes codes from 2.16.840.1.113883.1.11.20368).","StructureDefinition/SGMeasure","THO"
http://hl7.org/fhir/ValueSet/medication-codes,4.0.1,draft,"2.16.840.1.113883.4.642.3.375",SNOMEDCTMedicationCodes,SNOMED CT Medication Codes,"This value set includes all drug or medicament substance codes and all pharmaceutical/biologic products from SNOMED CT - provided as an exemplar value set.","StructureDefinition/SGActivityDefinition","SCT"
http://hl7.org/fhir/ValueSet/mimetypes,4.0.1,active,"2.16.840.1.113883.4.642.3.1024",Mime Types,MimeType,"This value set includes all possible codes from BCP-13 (http://tools.ietf.org/html/bcp13)","StructureDefinition/SGLogicalModel","Other"
http://hl7.org/fhir/ValueSet/observation-codes,4.0.1,draft,"2.16.840.1.113883.4.642.3.396",LOINCCodes,LOINC Codes,"This value set includes all LOINC codes","StructureDefinition/SGPlanDefinition,StructureDefinition/SGLogicalModel,StructureDefinition/SGBusinessProcess,StructureDefinition/SGDecisionTable","LOINC"
http://hl7.org/fhir/ValueSet/plan-definition-type,4.0.1,draft,"2.16.840.1.113883.4.642.3.797",PlanDefinitionType,PlanDefinitionType,"The type of PlanDefinition.","StructureDefinition/SGPlanDefinition,StructureDefinition/SGBusinessProcess,StructureDefinition/SGDecisionTable","THO"
http://hl7.org/fhir/ValueSet/procedure-code,4.0.1,draft,"2.16.840.1.113883.4.642.3.427",ProcedureCodes(SNOMEDCT),Procedure Codes (SNOMED CT),"Procedure Code: All SNOMED CT procedure codes.","StructureDefinition/SGActivityDefinition","SCT"
http://hl7.org/fhir/ValueSet/property-representation,4.0.1,active,"2.16.840.1.113883.4.642.3.87",PropertyRepresentation,PropertyRepresentation,"How a property is represented when serialized.","StructureDefinition/SGLogicalModel","hl7.fhir.r4.core"
http://hl7.org/fhir/ValueSet/publication-status,4.0.1,active,"2.16.840.1.113883.4.642.3.3",PublicationStatus,PublicationStatus,"The lifecycle status of an artifact.","StructureDefinition/SGPlanDefinition,StructureDefinition/SGConceptMap,StructureDefinition/SGCodeSystem,StructureDefinition/SGBusinessProcess,StructureDefinition/SGGraphDefinition,StructureDefinition/SGStructureMap,StructureDefinition/SGLibrary,StructureDefinition/SGActivityDefinition,StructureDefinition/SGDecisionTable,StructureDefinition/SGQuestionnaire,StructureDefinition/SGStructureDefinition,StructureDefinition/SGLogicalModel,StructureDefinition/SGMeasure,StructureDefinition/SushiConfigLogicalModel,StructureDefinition/SGTransaction,StructureDefinition/SGImplementationGuide,StructureDefinition/SGValueSet","hl7.fhir.r4.core"
http://hl7.org/fhir/ValueSet/questionnaire-answers,4.0.1,draft,"2.16.840.1.113883.4.642.3.446",QuestionnaireAnswerCodes,Questionnaire Answer Codes,"Example list of codes for answers to questions. (Not complete or necessarily appropriate.)","StructureDefinition/SGQuestionnaire","SCT"
http://hl7.org/fhir/ValueSet/questionnaire-enable-behavior,4.0.1,draft,"2.16.840.1.113883.4.642.3.1007",EnableWhenBehavior,EnableWhenBehavior,"Controls how multiple enableWhen values are interpreted -  whether all or any must be true.","StructureDefinition/SGQuestionnaire","hl7.fhir.r4.core"
http://hl7.org/fhir/ValueSet/questionnaire-enable-operator,4.0.1,draft,"2.16.840.1.113883.4.642.3.1005",QuestionnaireItemOperator,QuestionnaireItemOperator,"The criteria by which a question is enabled.","StructureDefinition/SGQuestionnaire","hl7.fhir.r4.core"
http://hl7.org/fhir/ValueSet/questionnaire-questions,4.0.1,draft,"2.16.840.1.113883.4.642.3.443",QuestionnaireQuestionCodes,Questionnaire Question Codes,"Example list of codes for questions and groups of questions. (Not necessarily complete or appropriate.)","StructureDefinition/SGQuestionnaire","LOINC"
http://hl7.org/fhir/ValueSet/reference-version-rules,4.0.1,active,"2.16.840.1.113883.4.642.3.89",ReferenceVersionRules,ReferenceVersionRules,"Whether a reference needs to be version specific or version independent, or whether either can be used.","StructureDefinition/SGLogicalModel","hl7.fhir.r4.core"
http://hl7.org/fhir/ValueSet/request-intent,4.0.1,draft,"2.16.840.1.113883.4.642.3.113",RequestIntent,RequestIntent,"Codes indicating the degree of authority/intentionality associated with a request.","StructureDefinition/SGActivityDefinition","hl7.fhir.r4.core"
http://hl7.org/fhir/ValueSet/request-priority,4.0.1,draft,"2.16.840.1.113883.4.642.3.115",RequestPriority,Request priority,"The clinical priority of a diagnostic order.","StructureDefinition/SGPlanDefinition,StructureDefinition/SGBusinessProcess,StructureDefinition/SGActivityDefinition,StructureDefinition/SGDecisionTable,StructureDefinition/SGCommunicationRequest","hl7.fhir.r4.core"
http://hl7.org/fhir/ValueSet/request-resource-types,4.0.1,draft,"2.16.840.1.113883.4.642.3.1058",RequestResourceType,RequestResourceType,"A list of all the request resource types defined in this version of the FHIR specification.","StructureDefinition/SGActivityDefinition","hl7.fhir.r4.core"
http://hl7.org/fhir/ValueSet/request-status,4.0.1,draft,"2.16.840.1.113883.4.642.3.111",RequestStatus,RequestStatus,"Codes identifying the lifecycle stage of a request.","StructureDefinition/SGCommunicationRequest","hl7.fhir.r4.core"
http://hl7.org/fhir/ValueSet/resource-aggregation-mode,4.0.1,active,"2.16.840.1.113883.4.642.3.85",AggregationMode,AggregationMode,"How resource references can be aggregated.","StructureDefinition/SGLogicalModel","hl7.fhir.r4.core"
http://hl7.org/fhir/ValueSet/resource-slicing-rules,4.0.1,active,"2.16.840.1.113883.4.642.3.83",SlicingRules,SlicingRules,"How slices are interpreted when evaluating an instance.","StructureDefinition/SGLogicalModel","hl7.fhir.r4.core"
http://hl7.org/fhir/ValueSet/resource-types,4.0.1,active,"2.16.840.1.113883.4.642.3.27",ResourceType,ResourceType,"One of the resource types defined as part of this version of FHIR.","StructureDefinition/SGQuestionnaire,StructureDefinition/SGGraphDefinition,StructureDefinition/SGActivityDefinition,StructureDefinition/SGTransaction,StructureDefinition/SGGroupDefinition,StructureDefinition/SGImplementationGuide","hl7.fhir.r4.core"
http://hl7.org/fhir/ValueSet/spdx-license,4.0.1,draft,"2.16.840.1.113883.4.642.3.1026",SPDXLicense,SPDXLicense,"The license that applies to an Implementation Guide (using an SPDX license Identifiers, or 'not-open-source'). The binding is required but new SPDX license Identifiers are allowed to be used (https://spdx.org/licenses/).","StructureDefinition/SushiConfigLogicalModel,StructureDefinition/SGImplementationGuide","Internal"
http://hl7.org/fhir/ValueSet/structure-definition-kind,4.0.1,active,"2.16.840.1.113883.4.642.3.668",StructureDefinitionKind,StructureDefinitionKind,"Defines the type of structure that a definition is describing.","StructureDefinition/SGStructureDefinition,StructureDefinition/SGLogicalModel","hl7.fhir.r4.core"
http://hl7.org/fhir/ValueSet/subject-type,4.0.1,draft,"2.16.840.1.113883.4.642.3.775",SubjectType,Subject type,"Possible types of subjects.","StructureDefinition/SGPlanDefinition,StructureDefinition/SGBusinessProcess,StructureDefinition/SGMeasure,StructureDefinition/SGLibrary,StructureDefinition/SGActivityDefinition,StructureDefinition/SGDecisionTable","hl7.fhir.r4.core"
http://hl7.org/fhir/ValueSet/type-derivation-rule,4.0.1,active,"2.16.840.1.113883.4.642.3.673",TypeDerivationRule,TypeDerivationRule,"How a type relates to its baseDefinition.","StructureDefinition/SGStructureDefinition,StructureDefinition/SGLogicalModel","hl7.fhir.r4.core"
http://hl7.org/fhir/uv/xver/ValueSet/R5-version-independent-all-resource-types-for-R4,0.1.0,active,,R5VersionIndependentAllResourceTypesForR4,Cross-version ValueSet R5.VersionIndependentResourceTypesAll for use in FHIR R4,"This cross-version ValueSet represents content from `http://hl7.org/fhir/ValueSet/version-independent-all-resource-types|5.0.0` for use in FHIR R4.","StructureDefinition/SGTransaction","hl7.fhir.uv.extensions.r4,hl7.fhir.uv.xver-r5.r4"
http://smart.who.int/base/ValueSet/CDHIv1,1.0.0,active,,CDHIv1,Classification of Digital Health Interventions v1,"Value Set for Classification of Digital Health Interventions v1. Autogenerated from DAK artifacts","ConceptMap/CDHIv1toCDHIv2,ConceptMap/CDHIv1Hierarchy","Internal"
http://smart.who.int/base/ValueSet/CDHIv1.1,1.0.0,active,,CDHIv1.1,Digital Health Interventions for Clients,"Digital Health Interventions whose primary user group is Clients (persons using health services). Group 1 of the Classification of Digital Health Interventions v1 (2018).",,"Internal"
http://smart.who.int/base/ValueSet/CDHIv1.2,1.0.0,active,,CDHIv1.2,Digital Health Interventions for Health Workers,"Digital Health Interventions whose primary user group is Health Workers. Group 2 of the Classification of Digital Health Interventions v1 (2018).",,"Internal"
http://smart.who.int/base/ValueSet/CDHIv1.3,1.0.0,active,,CDHIv1.3,Digital Health Interventions for Health System Managers,"Digital Health Interventions whose primary user group is Health System Managers. Group 3 of the Classification of Digital Health Interventions v1 (2018).",,"Internal"
http://smart.who.int/base/ValueSet/CDHIv1.4,1.0.0,active,,CDHIv1.4,Digital Health Interventions: Data Services,"Crosscutting Data Services DHIs. Group 4 of the Classification of Digital Health Interventions v1 (2018).",,"Internal"
http://smart.who.int/base/ValueSet/CDHIv2,1.0.0,active,,CDHIv2,Classification of Digital Health Interventions v2,"Value Set for the Classification of Digital Interventions, Services and Applications in Health (CDISAH), second edition (2023).","ConceptMap/CDHIv2Hierarchy,ConceptMap/CDHIv1toCDHIv2","Internal"
http://smart.who.int/base/ValueSet/CDHIv2.1,1.0.0,active,,CDHIv2.1,Digital Health Interventions for Persons,"Digital Health Interventions whose primary user group is Persons (health service users). Group 1 of the Classification of Digital Interventions, Services and Applications in Health v2 (CDISAH, 2023).",,"Internal"
http://smart.who.int/base/ValueSet/CDHIv2.2,1.0.0,active,,CDHIv2.2,Digital Health Interventions for Healthcare Providers,"Digital Health Interventions whose primary user group is Healthcare Providers. Group 2 of the Classification of Digital Interventions, Services and Applications in Health v2 (CDISAH, 2023).",,"Internal"
http://smart.who.int/base/ValueSet/CDHIv2.3,1.0.0,active,,CDHIv2.3,Digital Health Interventions for Health Management and Support Personnel,"Digital Health Interventions whose primary user group is Health Management and Support Personnel. Group 3 of the Classification of Digital Interventions, Services and Applications in Health v2 (CDISAH, 2023).",,"Internal"
http://smart.who.int/base/ValueSet/CDHIv2.4,1.0.0,active,,CDHIv2.4,Digital Health Interventions: Data Services,"Crosscutting Data Services DHIs. Group 4 of the Classification of Digital Interventions, Services and Applications in Health v2 (CDISAH, 2023).",,"Internal"
http://smart.who.int/base/ValueSet/CDSCv1,1.0.0,active,,CDSCv1,Health System Challenges,"Value set for Health System Challenges (Classification of Digital Health System Categories v1, 2018). Includes all 25 system category codes (A–Y).","ConceptMap/CDSCv1toCDSCv2","Internal"
http://smart.who.int/base/ValueSet/CDSCv2,1.0.0,active,,CDSCv2,Services and Application Types,"Value set for Services and Application Types (Classification of Digital Health Services and Application Types v2, CDISAH 2023). Includes all codes across the five architecture groups (A–E).","ConceptMap/CDSCv1toCDSCv2","Internal"
http://smart.who.int/base/ValueSet/CDSCv2.A,1.0.0,active,,CDSCv2.A,Services and Application Types: Point of Service,"Systems that facilitate the provision and delivery of healthcare services to persons at the point of care. Group A of the Classification of Digital Health Services and Application Types v2 (CDISAH, 2023).",,"Internal"
http://smart.who.int/base/ValueSet/CDSCv2.B,1.0.0,active,,CDSCv2.B,Services and Application Types: Health System/Provider Administration,"Systems that support the administrative and managerial functions of health systems and healthcare organisations. Group B of the Classification of Digital Health Services and Application Types v2 (CDISAH, 2023).",,"Internal"
http://smart.who.int/base/ValueSet/CDSCv2.C,1.0.0,active,,CDSCv2.C,Services and Application Types: Registries and Directories,"Systems that create, maintain, and provide authoritative master records for persons, providers, facilities, products and health events. Group C of the Classification of Digital Health Services and Application Types v2 (CDISAH, 2023).",,"Internal"
http://smart.who.int/base/ValueSet/CDSCv2.D,1.0.0,active,,CDSCv2.D,Services and Application Types: Data Management Services,"Services and systems that support the collection, aggregation, storage, analysis, and exchange of health data. Group D of the Classification of Digital Health Services and Application Types v2 (CDISAH, 2023).",,"Internal"
http://smart.who.int/base/ValueSet/CDSCv2.E,1.0.0,active,,CDSCv2.E,Services and Application Types: Surveillance and Response,"Systems that support the detection, monitoring, and response to disease outbreaks and public health threats. Group E of the Classification of Digital Health Services and Application Types v2 (CDISAH, 2023).",,"Internal"
http://smart.who.int/base/ValueSet/CoreDataElementTypeVS,1.0.0,active,,CoreDataElementTypeVS,Core Data Element Type Value Set,"Value set of core data element types","StructureDefinition/CoreDataElement","Internal"
http://smart.who.int/base/ValueSet/DecisionTableActions,1.0.0,active,,DecisionTableActions,Smart Guidelines Decision Table Actions,"Value Set for Smart Guidelines Documentation Decision Table Actions",,"Internal"
http://smart.who.int/base/ValueSet/DocumentationSection,1.0.0,active,,DocumentationSection,Smart Guidelines Documentation Section,"Value Set for Smart Guidelines Documentation Section to autogenerate documentation from artifacts",,"Other"
http://smart.who.int/base/ValueSet/ISCO08ValueSet,1.0.0,active,,ISCO08ValueSet,ISCO-08 Value Set,"Extensible value set of ISCO-08 codes for persona classification","StructureDefinition/GenericPersona","Internal"
http://smart.who.int/base/ValueSet/SGAuthoringPersonaTypesVS,1.0.0,active,,SGAuthoringPersonaTypesVS,SMART Guidelines Authoring Persona Types ValueSet,"ValueSet for SMART Guidelines authoring persona types",,"Internal"
http://smart.who.int/base/ValueSet/SGAuthoringSkillsVS,1.0.0,active,,SGAuthoringSkillsVS,SMART Guidelines Authoring Skills ValueSet,"ValueSet for all SMART Guidelines authoring skill capabilities",,"Internal"
http://smart.who.int/base/ValueSet/SGPersonaTypesVS,1.0.0,active,,SGPersonaTypesVS,Smart Guidelines Persona Types Value Set,"Value Set for Smart Guidelines Persona Section to autogenerate documentation from artifacts","StructureDefinition/Persona","Internal"
http://terminology.hl7.org/ValueSet/v3-ActReason,3.0.0,active,,ActReason,v3 Code System ActReason," A set of codes specifying the motivation, cause, or rationale of an Act, when such rationale is not reasonably represented as an ActRelationship of type ""has reason"" linking to another Act.  Examples:  Example reasons that might qualify for being coded in this field might be: ""routine requirement"", ""infectious disease reporting requirement"", ""on patient request"", ""required by law"".","StructureDefinition/SGCommunicationRequest","THO (V3)"
http://terminology.hl7.org/ValueSet/v3-ParticipationMode,3.0.0,active,"2.16.840.1.113883.1.11.16543",ParticipationMode,ParticipationMode,"Identifies the primary means by which an Entity participates in an Act.","StructureDefinition/SGCommunicationRequest","THO (V3)"
