<?xml version="1.0" encoding="UTF-8"?><ValueSet xmlns="http://hl7.org/fhir"><id value="ICVPVaccineType"/><text><status value="generated"/><div xmlns="http://www.w3.org/1999/xhtml"><p class="res-header-id"><b>Generated Narrative: ValueSet ICVPVaccineType</b></p><a name="ICVPVaccineType"> </a><a name="hcICVPVaccineType"> </a><ul><li>Include these codes as defined in <a href="http://smart.who.int/pcmt-vaxprequal/v0.2.0/CodeSystem-PreQualVaccineType.html"><code>http://smart.who.int/pcmt-vaxprequal/CodeSystem/PreQualVaccineType</code></a><span title="Version is not explicitly stated, which means it is fixed to 0.2.0, the version found through the package references"> version 📦0.2.0</span><table class="none"><tr><td style="white-space:nowrap"><b>Code</b></td><td><b>Display</b></td></tr><tr><td><a href="http://smart.who.int/pcmt-vaxprequal/v0.2.0/CodeSystem-PreQualVaccineType.html#PreQualVaccineType-YellowFever">YellowFever</a></td><td style="color: #cccccc">Yellow Fever</td></tr><tr><td><a href="http://smart.who.int/pcmt-vaxprequal/v0.2.0/CodeSystem-PreQualVaccineType.html#PreQualVaccineType-DiphtheriaTetanusPertussisacellularHepatitisBHaemophilusinfluenzaetypebPolioInactivated">DiphtheriaTetanusPertussisacellularHepatitisBHaemophilusinfluenzaetypebPolioInactivated</a></td><td style="color: #cccccc">Diphtheria-Tetanus-Pertussis (acellular)-Hepatitis B-Haemophilus influenzae type b-Polio (Inactivated)</td></tr><tr><td><a href="http://smart.who.int/pcmt-vaxprequal/v0.2.0/CodeSystem-PreQualVaccineType.html#PreQualVaccineType-DiphtheriaTetanusPertussiswholecellHepatitisBHaemophilusinfluenzaetypebPolioInactivated">DiphtheriaTetanusPertussiswholecellHepatitisBHaemophilusinfluenzaetypebPolioInactivated</a></td><td style="color: #cccccc">Diphtheria-Tetanus-Pertussis (whole cell)-Hepatitis B-Haemophilus influenzae type b-Polio (Inactivated)</td></tr><tr><td><a href="http://smart.who.int/pcmt-vaxprequal/v0.2.0/CodeSystem-PreQualVaccineType.html#PreQualVaccineType-PolioVaccineInactivatedIPV">PolioVaccineInactivatedIPV</a></td><td style="color: #cccccc">Polio Vaccine - Inactivated (IPV)</td></tr><tr><td><a href="http://smart.who.int/pcmt-vaxprequal/v0.2.0/CodeSystem-PreQualVaccineType.html#PreQualVaccineType-PolioVaccineInactivatedSabinsIPV">PolioVaccineInactivatedSabinsIPV</a></td><td style="color: #cccccc">Polio Vaccine - Inactivated Sabin (sIPV)</td></tr><tr><td><a href="http://smart.who.int/pcmt-vaxprequal/v0.2.0/CodeSystem-PreQualVaccineType.html#PreQualVaccineType-PolioVaccineNovelOralnOPVType2">PolioVaccineNovelOralnOPVType2</a></td><td style="color: #cccccc">Polio Vaccine - Novel Oral (nOPV) Type 2</td></tr><tr><td><a href="http://smart.who.int/pcmt-vaxprequal/v0.2.0/CodeSystem-PreQualVaccineType.html#PreQualVaccineType-PolioVaccineOralOPVBivalentTypes1and3">PolioVaccineOralOPVBivalentTypes1and3</a></td><td style="color: #cccccc">Polio Vaccine - Oral (OPV) Bivalent Types 1 and 3</td></tr><tr><td><a href="http://smart.who.int/pcmt-vaxprequal/v0.2.0/CodeSystem-PreQualVaccineType.html#PreQualVaccineType-PolioVaccineOralOPVMonovalentType1">PolioVaccineOralOPVMonovalentType1</a></td><td style="color: #cccccc">Polio Vaccine - Oral (OPV) Monovalent Type 1</td></tr><tr><td><a href="http://smart.who.int/pcmt-vaxprequal/v0.2.0/CodeSystem-PreQualVaccineType.html#PreQualVaccineType-PolioVaccineOralOPVMonovalentType2">PolioVaccineOralOPVMonovalentType2</a></td><td style="color: #cccccc">Polio Vaccine - Oral (OPV) Monovalent Type 2</td></tr><tr><td><a href="http://smart.who.int/pcmt-vaxprequal/v0.2.0/CodeSystem-PreQualVaccineType.html#PreQualVaccineType-PolioVaccineOralOPVMonovalentType3">PolioVaccineOralOPVMonovalentType3</a></td><td style="color: #cccccc">Polio Vaccine - Oral (OPV) Monovalent Type 3</td></tr><tr><td><a href="http://smart.who.int/pcmt-vaxprequal/v0.2.0/CodeSystem-PreQualVaccineType.html#PreQualVaccineType-PolioVaccineOralOPVTrivalent">PolioVaccineOralOPVTrivalent</a></td><td style="color: #cccccc">Polio Vaccine - Oral (OPV) Trivalent</td></tr></table></li></ul></div></text><url value="http://smart.who.int/icvp/ValueSet/ICVPVaccineType"/><version value="0.3.0"/><name value="ICVPVaccineType"/><title value="Vaccine Types for use in the ICVP"/><status value="active"/><date value="2025-10-17T14:23:37+00:00"/><publisher value="WHO"/><contact><name value="WHO"/><telecom><system value="url"/><value value="http://who.int"/></telecom></contact><description value="WHO PreQualificaiton Vaccine Type for use in the ICVP"/><compose><include><system value="http://smart.who.int/pcmt-vaxprequal/CodeSystem/PreQualVaccineType"/><concept><code value="YellowFever"/></concept><concept><code value="DiphtheriaTetanusPertussisacellularHepatitisBHaemophilusinfluenzaetypebPolioInactivated"/></concept><concept><code value="DiphtheriaTetanusPertussiswholecellHepatitisBHaemophilusinfluenzaetypebPolioInactivated"/></concept><concept><code value="PolioVaccineInactivatedIPV"/></concept><concept><code value="PolioVaccineInactivatedSabinsIPV"/></concept><concept><code value="PolioVaccineNovelOralnOPVType2"/></concept><concept><code value="PolioVaccineOralOPVBivalentTypes1and3"/></concept><concept><code value="PolioVaccineOralOPVMonovalentType1"/></concept><concept><code value="PolioVaccineOralOPVMonovalentType2"/></concept><concept><code value="PolioVaccineOralOPVMonovalentType3"/></concept><concept><code value="PolioVaccineOralOPVTrivalent"/></concept></include></compose></ValueSet>