{"resourceType":"ValueSet","id":"ICVPVaccineCodes","text":{"status":"generated","div":"<div xmlns=\"http://www.w3.org/1999/xhtml\"><p class=\"res-header-id\"><b>Generated Narrative: ValueSet ICVPVaccineCodes</b></p><a name=\"ICVPVaccineCodes\"> </a><a name=\"hcICVPVaccineCodes\"> </a><ul><li>Include these codes as defined in <a href=\"http://terminology.hl7.org/6.5.0/CodeSystem-ICD11MMS.html\"><code>http://id.who.int/icd/release/11/mms</code></a> version <span title=\"Version is not explicity stated. No matching Code System found\">Not Stated (use latest from terminology server)</span><table class=\"none\"><tr><td style=\"white-space:nowrap\"><b>Code</b></td><td><b>Display</b></td></tr><tr><td>XM0N24</td><td>Yellow fever vaccines</td></tr><tr><td>XM3418</td><td>Yellow fever, live attenuated</td></tr><tr><td>XM0N50</td><td>Poliomyelitis vaccines</td></tr><tr><td>XM1LX9</td><td>Diphtheria, hemophilus influenzae B, pertussis, poliomyelitis, tetanus vaccines</td></tr><tr><td>XM09Q7</td><td>Diphtheria, pertussis, poliomyelitis, tetanus vaccines</td></tr><tr><td>XM0LT9</td><td>Diphtheria, pertussis, poliomyelitis, tetanus, hepatitis B vaccines</td></tr><tr><td>XM8AW1</td><td>Diphtheria, poliomyelitis, tetanus vaccines</td></tr><tr><td>XM01H1</td><td>Hemophilus influenzae B and poliomyelitis vaccines</td></tr><tr><td>XM21E6</td><td>Diphtheria tetanus, acellular pertussis, inactivated polio virus, haemophilus Influenzae type B vaccines</td></tr><tr><td>XM84S1</td><td>Diphtheria, hepatitis B, tetanus, acellular pertussis, inactivated polio virus, haemophilus Influenzae type B vaccines</td></tr><tr><td>XM9JP8</td><td>Diphtheria, tetanus, acellular pertussis, inactivated polio virus vaccines</td></tr><tr><td>XM5V19</td><td>Poliomyelitis, trivalent, inactivated, whole virus</td></tr><tr><td>XM79H3</td><td>Poliomyelitis oral, bivalent, live attenuated</td></tr><tr><td>XM0VX8</td><td>Poliomyelitis oral, monovalent live attenuated</td></tr><tr><td>XM0KZ1</td><td>Poliomyelitis oral, trivalent, live attenuated</td></tr></table></li></ul></div>"},"url":"http://smart.who.int/icvp/ValueSet/ICVPVaccineCodes","version":"0.2.0","name":"ICVPVaccineCodes","title":"ICVP - Vaccine Codes","status":"active","date":"2025-10-08T14:32:12+00:00","publisher":"WHO","contact":[{"name":"WHO","telecom":[{"system":"url","value":"http://who.int"}]}],"description":"This value set includes codes from ICVP","compose":{"include":[{"system":"http://id.who.int/icd/release/11/mms","concept":[{"code":"XM0N24","display":"Yellow fever vaccines"},{"code":"XM3418","display":"Yellow fever, live attenuated"},{"code":"XM0N50","display":"Poliomyelitis vaccines"},{"code":"XM1LX9","display":"Diphtheria, hemophilus influenzae B, pertussis, poliomyelitis, tetanus vaccines"},{"code":"XM09Q7","display":"Diphtheria, pertussis, poliomyelitis, tetanus vaccines"},{"code":"XM0LT9","display":"Diphtheria, pertussis, poliomyelitis, tetanus, hepatitis B vaccines"},{"code":"XM8AW1","display":"Diphtheria, poliomyelitis, tetanus vaccines"},{"code":"XM01H1","display":"Hemophilus influenzae B and poliomyelitis vaccines"},{"code":"XM21E6","display":"Diphtheria tetanus, acellular pertussis, inactivated polio virus, haemophilus Influenzae type B vaccines"},{"code":"XM84S1","display":"Diphtheria, hepatitis B, tetanus, acellular pertussis, inactivated polio virus, haemophilus Influenzae type B vaccines"},{"code":"XM9JP8","display":"Diphtheria, tetanus, acellular pertussis, inactivated polio virus vaccines"},{"code":"XM5V19","display":"Poliomyelitis, trivalent, inactivated, whole virus"},{"code":"XM79H3","display":"Poliomyelitis oral, bivalent, live attenuated"},{"code":"XM0VX8","display":"Poliomyelitis oral, monovalent live attenuated"},{"code":"XM0KZ1","display":"Poliomyelitis oral, trivalent, live attenuated"}]}]}}