{"resourceType":"CodeSystem","id":"DDCCDevicePropertyCodeSystem","text":{"status":"generated","div":"<div xmlns=\"http://www.w3.org/1999/xhtml\"><p class=\"res-header-id\"><b>Generated Narrative: CodeSystem DDCCDevicePropertyCodeSystem</b></p><a name=\"DDCCDevicePropertyCodeSystem\"> </a><a name=\"hcDDCCDevicePropertyCodeSystem\"> </a><a name=\"DDCCDevicePropertyCodeSystem-en-US\"> </a><p>This case-sensitive code system <code>http://smart.who.int/ddcc/CodeSystem/DDCCDevicePropertyCodeSystem</code> defines the following codes:</p><table class=\"codes\"><tr><td style=\"white-space:nowrap\"><b>Code</b></td><td><b>Display</b></td></tr><tr><td style=\"white-space:nowrap\">pathogen<a name=\"DDCCDevicePropertyCodeSystem-pathogen\"> </a></td><td>Pathogen Targeted</td></tr><tr><td style=\"white-space:nowrap\">brand<a name=\"DDCCDevicePropertyCodeSystem-brand\"> </a></td><td>Test Brand</td></tr></table></div>"},"url":"http://smart.who.int/ddcc/CodeSystem/DDCCDevicePropertyCodeSystem","version":"1.0.1","name":"DDCCDevicePropertyCodeSystem","title":"DDCC Device Property Codes","status":"active","experimental":false,"date":"2024-12-18T16:40:01+01:00","publisher":"WHO","contact":[{"name":"WHO","telecom":[{"system":"url","value":"http://who.int"}]}],"description":"Possible properties available for devices.","jurisdiction":[{"coding":[{"system":"http://unstats.un.org/unsd/methods/m49/m49.htm","code":"001"}]}],"caseSensitive":true,"content":"complete","count":2,"concept":[{"code":"pathogen","display":"Pathogen Targeted"},{"code":"brand","display":"Test Brand"}]}