{"resourceType":"CodeSystem","id":"WHODDCCeuur","text":{"status":"generated","div":"<div xmlns=\"http://www.w3.org/1999/xhtml\"><p class=\"res-header-id\"><b>Generated Narrative: CodeSystem WHODDCCeuur</b></p><a name=\"WHODDCCeuur\"> </a><a name=\"hcWHODDCCeuur\"> </a><a name=\"WHODDCCeuur-en-US\"> </a><p>This case-sensitive code system <code>https://ec.europa.eu/health/documents/community-register/html/</code> defines the following codes:</p><table class=\"codes\"><tr><td style=\"white-space:nowrap\"><b>Code</b></td><td><b>Display</b></td></tr><tr><td style=\"white-space:nowrap\">EU/1/20/1528<a name=\"WHODDCCeuur-EU.471.4720.471528\"> </a></td><td>Comirnaty</td></tr><tr><td style=\"white-space:nowrap\">EU/1/20/1507<a name=\"WHODDCCeuur-EU.471.4720.471507\"> </a></td><td>Spikevax</td></tr><tr><td style=\"white-space:nowrap\">EU/1/21/1529<a name=\"WHODDCCeuur-EU.471.4721.471529\"> </a></td><td>Vaxzevria</td></tr><tr><td style=\"white-space:nowrap\">EU/1/20/1525<a name=\"WHODDCCeuur-EU.471.4720.471525\"> </a></td><td>Jcovden</td></tr><tr><td style=\"white-space:nowrap\">CVnCoV<a name=\"WHODDCCeuur-CVnCoV\"> </a></td><td>CVnCoV</td></tr><tr><td style=\"white-space:nowrap\">NVX-CoV2373<a name=\"WHODDCCeuur-NVX-CoV2373\"> </a></td><td>NVX-CoV2373</td></tr><tr><td style=\"white-space:nowrap\">Sputnik-V<a name=\"WHODDCCeuur-Sputnik-V\"> </a></td><td>Sputnik V</td></tr><tr><td style=\"white-space:nowrap\">Convidecia<a name=\"WHODDCCeuur-Convidecia\"> </a></td><td>Convidecia</td></tr><tr><td style=\"white-space:nowrap\">EpiVacCorona<a name=\"WHODDCCeuur-EpiVacCorona\"> </a></td><td>EpiVacCorona</td></tr><tr><td style=\"white-space:nowrap\">BBIBP-CorV<a name=\"WHODDCCeuur-BBIBP-CorV\"> </a></td><td>BBIBP-CorV</td></tr><tr><td style=\"white-space:nowrap\">Inactivated-SARS-CoV-2-Vero-Cell<a name=\"WHODDCCeuur-Inactivated-SARS-CoV-2-Vero-Cell\"> </a></td><td>Inactivated SARS-CoV-2 (Vero Cell)</td></tr><tr><td style=\"white-space:nowrap\">CoronaVac<a name=\"WHODDCCeuur-CoronaVac\"> </a></td><td>CoronaVac</td></tr><tr><td style=\"white-space:nowrap\">Covaxin<a name=\"WHODDCCeuur-Covaxin\"> </a></td><td>Covaxin</td></tr><tr><td style=\"white-space:nowrap\">Covishield<a name=\"WHODDCCeuur-Covishield\"> </a></td><td>Covishield</td></tr><tr><td style=\"white-space:nowrap\">Covid-19-recombinant<a name=\"WHODDCCeuur-Covid-19-recombinant\"> </a></td><td>Covid-19 (recombinant)</td></tr><tr><td style=\"white-space:nowrap\">R-COVI<a name=\"WHODDCCeuur-R-COVI\"> </a></td><td>R-COVI</td></tr><tr><td style=\"white-space:nowrap\">CoviVac<a name=\"WHODDCCeuur-CoviVac\"> </a></td><td>CoviVac</td></tr><tr><td style=\"white-space:nowrap\">Sputnik-Light<a name=\"WHODDCCeuur-Sputnik-Light\"> </a></td><td>Sputnik Light</td></tr><tr><td style=\"white-space:nowrap\">Hayat-Vax<a name=\"WHODDCCeuur-Hayat-Vax\"> </a></td><td>Hayat-Vax</td></tr><tr><td style=\"white-space:nowrap\">Abdala<a name=\"WHODDCCeuur-Abdala\"> </a></td><td>Abdala</td></tr><tr><td style=\"white-space:nowrap\">WIBP-CorV<a name=\"WHODDCCeuur-WIBP-CorV\"> </a></td><td>WIBP-CorV</td></tr><tr><td style=\"white-space:nowrap\">MVC-COV1901<a name=\"WHODDCCeuur-MVC-COV1901\"> </a></td><td>MVC COVID-19 vaccine</td></tr><tr><td style=\"white-space:nowrap\">EU/1/21/1618<a name=\"WHODDCCeuur-EU.471.4721.471618\"> </a></td><td>Nuvaxovid</td></tr><tr><td style=\"white-space:nowrap\">Covovax<a name=\"WHODDCCeuur-Covovax\"> </a></td><td>Covovax</td></tr><tr><td style=\"white-space:nowrap\">Vidprevtyn<a name=\"WHODDCCeuur-Vidprevtyn\"> </a></td><td>Vidprevtyn</td></tr><tr><td style=\"white-space:nowrap\">VLA2001<a name=\"WHODDCCeuur-VLA2001\"> </a></td><td>VLA2001</td></tr><tr><td style=\"white-space:nowrap\">EpiVacCorona-N<a name=\"WHODDCCeuur-EpiVacCorona-N\"> </a></td><td>EpiVacCorona- N</td></tr><tr><td style=\"white-space:nowrap\">Sputnik-M<a name=\"WHODDCCeuur-Sputnik-M\"> </a></td><td>Sputnik M</td></tr><tr><td style=\"white-space:nowrap\">Covid-19-adsorvida-inativada<a name=\"WHODDCCeuur-Covid-19-adsorvida-inativada\"> </a></td><td>Vacina adsorvida covid-19 (inativada)</td></tr><tr><td style=\"white-space:nowrap\">NVSI-06-08<a name=\"WHODDCCeuur-NVSI-06-08\"> </a></td><td>NVSI-06-08</td></tr><tr><td style=\"white-space:nowrap\">YS-SC2-010<a name=\"WHODDCCeuur-YS-SC2-010\"> </a></td><td>YS-SC2-010</td></tr><tr><td style=\"white-space:nowrap\">SCTV01C<a name=\"WHODDCCeuur-SCTV01C\"> </a></td><td>SCTV01C</td></tr><tr><td style=\"white-space:nowrap\">Covifenz<a name=\"WHODDCCeuur-Covifenz\"> </a></td><td>Covifenz</td></tr><tr><td style=\"white-space:nowrap\">AZD2816<a name=\"WHODDCCeuur-AZD2816\"> </a></td><td>AZD2816</td></tr><tr><td style=\"white-space:nowrap\">Soberana-02<a name=\"WHODDCCeuur-Soberana-02\"> </a></td><td>Soberana 02</td></tr><tr><td style=\"white-space:nowrap\">Soberana-Plus<a name=\"WHODDCCeuur-Soberana-Plus\"> </a></td><td>Soberana Plus</td></tr><tr><td style=\"white-space:nowrap\">EU/1/21/1624<a name=\"WHODDCCeuur-EU.471.4721.471624\"> </a></td><td>COVID-19 Vaccine Valneva</td></tr><tr><td style=\"white-space:nowrap\">EU/1/21/1580<a name=\"WHODDCCeuur-EU.471.4721.471580\"> </a></td><td>VidPrevtyn Beta</td></tr></table></div>"},"url":"https://ec.europa.eu/health/documents/community-register/html/","version":"1.0.1","name":"WHODDCCeuur","title":"EUUR codes used in this IG","status":"active","experimental":true,"date":"2024-12-18T16:40:01+01:00","publisher":"WHO","contact":[{"name":"WHO","telecom":[{"system":"url","value":"http://who.int"}]}],"description":"All EUUR codes from `https://ec.europa.eu/health/documents/community-register/html/` used in this IG. Provided so the FHIR server can perform expansions.","jurisdiction":[{"coding":[{"system":"http://unstats.un.org/unsd/methods/m49/m49.htm","code":"001"}]}],"caseSensitive":true,"content":"complete","count":38,"concept":[{"code":"EU/1/20/1528","display":"Comirnaty"},{"code":"EU/1/20/1507","display":"Spikevax"},{"code":"EU/1/21/1529","display":"Vaxzevria"},{"code":"EU/1/20/1525","display":"Jcovden"},{"code":"CVnCoV","display":"CVnCoV"},{"code":"NVX-CoV2373","display":"NVX-CoV2373"},{"code":"Sputnik-V","display":"Sputnik V"},{"code":"Convidecia","display":"Convidecia"},{"code":"EpiVacCorona","display":"EpiVacCorona"},{"code":"BBIBP-CorV","display":"BBIBP-CorV"},{"code":"Inactivated-SARS-CoV-2-Vero-Cell","display":"Inactivated SARS-CoV-2 (Vero Cell)"},{"code":"CoronaVac","display":"CoronaVac"},{"code":"Covaxin","display":"Covaxin"},{"code":"Covishield","display":"Covishield"},{"code":"Covid-19-recombinant","display":"Covid-19 (recombinant)"},{"code":"R-COVI","display":"R-COVI"},{"code":"CoviVac","display":"CoviVac"},{"code":"Sputnik-Light","display":"Sputnik Light"},{"code":"Hayat-Vax","display":"Hayat-Vax"},{"code":"Abdala","display":"Abdala"},{"code":"WIBP-CorV","display":"WIBP-CorV"},{"code":"MVC-COV1901","display":"MVC COVID-19 vaccine"},{"code":"EU/1/21/1618","display":"Nuvaxovid"},{"code":"Covovax","display":"Covovax"},{"code":"Vidprevtyn","display":"Vidprevtyn"},{"code":"VLA2001","display":"VLA2001"},{"code":"EpiVacCorona-N","display":"EpiVacCorona- N"},{"code":"Sputnik-M","display":"Sputnik M"},{"code":"Covid-19-adsorvida-inativada","display":"Vacina adsorvida covid-19 (inativada)"},{"code":"NVSI-06-08","display":"NVSI-06-08"},{"code":"YS-SC2-010","display":"YS-SC2-010"},{"code":"SCTV01C","display":"SCTV01C"},{"code":"Covifenz","display":"Covifenz"},{"code":"AZD2816","display":"AZD2816"},{"code":"Soberana-02","display":"Soberana 02"},{"code":"Soberana-Plus","display":"Soberana Plus"},{"code":"EU/1/21/1624","display":"COVID-19 Vaccine Valneva"},{"code":"EU/1/21/1580","display":"VidPrevtyn Beta"}]}