{"resourceType":"ValueSet","id":"VaccineCovid19Icd11ValueSet","text":{"status":"generated","div":"<div xmlns=\"http://www.w3.org/1999/xhtml\"><p class=\"res-header-id\"><b>Generated Narrative: ValueSet VaccineCovid19Icd11ValueSet</b></p><a name=\"VaccineCovid19Icd11ValueSet\"> </a><a name=\"hcVaccineCovid19Icd11ValueSet\"> </a><a name=\"VaccineCovid19Icd11ValueSet-en-US\"> </a><ul><li>Include these codes as defined in <code>http://id.who.int/icd11/mms</code><table class=\"none\"><tr><td style=\"white-space:nowrap\"><b>Code</b></td><td><b>Display</b></td></tr><tr><td>XM68M6</td><td>COVID-19 vaccines</td></tr><tr><td>XM1NL1</td><td>COVID-19 vaccine, inactivated virus</td></tr><tr><td>XM7HT3</td><td>CoronaVac®</td></tr><tr><td>XM8866</td><td>BBIBP-CorV</td></tr><tr><td>XM9TQ1</td><td>KCONVAC</td></tr><tr><td>XM1G90</td><td>Covaxin</td></tr><tr><td>XM85P5</td><td>Covi-Vac</td></tr><tr><td>XM9FQ7</td><td>Hayat-Vax</td></tr><tr><td>XM97N6</td><td>Qazvac</td></tr><tr><td>XM2YG8</td><td>COVIran Barakat</td></tr><tr><td>XM0K39</td><td>Covidful</td></tr><tr><td>XM1AU2</td><td>Sinopharm WIBP-CorV</td></tr><tr><td>XM5DF6</td><td>COVID-19 vaccine, live attenuated virus</td></tr><tr><td>XM9QW8</td><td>COVID-19 vaccine, non-replicating viral vector</td></tr><tr><td>XM4YL8</td><td>COVID-19 Vaccine AstraZeneca</td></tr><tr><td>XM97T2</td><td>Covishield®</td></tr><tr><td>XM6QV1</td><td>COVID-19 Vaccine Janssen</td></tr><tr><td>XM1AG7</td><td>Convidecia</td></tr><tr><td>XM5ZJ4</td><td>Gam-Covid-Vac</td></tr><tr><td>XM5QM6</td><td>Sputnik-Light</td></tr><tr><td>XM0CX4</td><td>COVID-19 vaccine, replicating viral vector</td></tr><tr><td>XM5JC5</td><td>COVID-19 vaccine, virus protein subunit</td></tr><tr><td>XM3CT4</td><td>Recombinant SARS-CoV-2 vaccine</td></tr><tr><td>XM3PG0</td><td>Soberana-02</td></tr><tr><td>XM4EC8</td><td>MVC-COV1901</td></tr><tr><td>XM6SZ8</td><td>EpiVacCorona</td></tr><tr><td>XM0RV9</td><td>Soberana Plus</td></tr><tr><td>XM3SK8</td><td>EpiVacCorona-N</td></tr><tr><td>XM9P21</td><td>SpikoGen</td></tr><tr><td>XM9T65</td><td>Novavax COVID-19 vaccine</td></tr><tr><td>XM9N08</td><td>Razi COV PARS</td></tr><tr><td>XM1J92</td><td>COVID-19 vaccine, virus like particle</td></tr><tr><td>XM6AT1</td><td>COVID-19 vaccine, DNA based</td></tr><tr><td>XM52P3</td><td>ZvCov-D</td></tr><tr><td>XM0GQ8</td><td>COVID-19 vaccine, RNA based</td></tr><tr><td>XM8NQ0</td><td>Comirnaty</td></tr><tr><td>XM3DT5</td><td>COVID-19 Vaccine Moderna</td></tr></table></li></ul></div>"},"url":"http://smart.who.int/ddcc/ValueSet/VaccineCovid19Icd11ValueSet","version":"1.0.1","name":"VaccineCovid19Icd11ValueSet","title":"Vaccine - COVID-19 - Icd11","status":"active","date":"2024-12-18T16:40:01+01:00","publisher":"WHO","contact":[{"name":"WHO","telecom":[{"system":"url","value":"http://who.int"}]}],"description":"tbd","jurisdiction":[{"coding":[{"system":"http://unstats.un.org/unsd/methods/m49/m49.htm","code":"001"}]}],"copyright":"TODO: provide copyright information","compose":{"include":[{"system":"http://id.who.int/icd11/mms","concept":[{"code":"XM68M6","display":"COVID-19 vaccines"},{"code":"XM1NL1","display":"COVID-19 vaccine, inactivated virus"},{"code":"XM7HT3","display":"CoronaVac®"},{"code":"XM8866","display":"BBIBP-CorV"},{"code":"XM9TQ1","display":"KCONVAC"},{"code":"XM1G90","display":"Covaxin"},{"code":"XM85P5","display":"Covi-Vac"},{"code":"XM9FQ7","display":"Hayat-Vax"},{"code":"XM97N6","display":"Qazvac"},{"code":"XM2YG8","display":"COVIran Barakat"},{"code":"XM0K39","display":"Covidful"},{"code":"XM1AU2","display":"Sinopharm WIBP-CorV"},{"code":"XM5DF6","display":"COVID-19 vaccine, live attenuated virus"},{"code":"XM9QW8","display":"COVID-19 vaccine, non-replicating viral vector"},{"code":"XM4YL8","display":"COVID-19 Vaccine AstraZeneca"},{"code":"XM97T2","display":"Covishield®"},{"code":"XM6QV1","display":"COVID-19 Vaccine Janssen"},{"code":"XM1AG7","display":"Convidecia"},{"code":"XM5ZJ4","display":"Gam-Covid-Vac"},{"code":"XM5QM6","display":"Sputnik-Light"},{"code":"XM0CX4","display":"COVID-19 vaccine, replicating viral vector"},{"code":"XM5JC5","display":"COVID-19 vaccine, virus protein subunit"},{"code":"XM3CT4","display":"Recombinant SARS-CoV-2 vaccine"},{"code":"XM3PG0","display":"Soberana-02"},{"code":"XM4EC8","display":"MVC-COV1901"},{"code":"XM6SZ8","display":"EpiVacCorona"},{"code":"XM0RV9","display":"Soberana Plus"},{"code":"XM3SK8","display":"EpiVacCorona-N"},{"code":"XM9P21","display":"SpikoGen"},{"code":"XM9T65","display":"Novavax COVID-19 vaccine"},{"code":"XM9N08","display":"Razi COV PARS"},{"code":"XM1J92","display":"COVID-19 vaccine, virus like particle"},{"code":"XM6AT1","display":"COVID-19 vaccine, DNA based"},{"code":"XM52P3","display":"ZvCov-D"},{"code":"XM0GQ8","display":"COVID-19 vaccine, RNA based"},{"code":"XM8NQ0","display":"Comirnaty"},{"code":"XM3DT5","display":"COVID-19 Vaccine Moderna"}]}]}}