<?xml version="1.0" encoding="UTF-8"?><ValueSet xmlns="http://hl7.org/fhir"><id value="anc-b10-de176"/><meta><profile value="http://hl7.org/fhir/uv/cpg/StructureDefinition/cpg-executablevalueset"/></meta><text><status value="generated"/><div xmlns="http://www.w3.org/1999/xhtml"><p class="res-header-id"><b>Generated Narrative: ValueSet anc-b10-de176</b></p><a name="anc-b10-de176"> </a><a name="hcanc-b10-de176"> </a><div style="display: inline-block; background-color: #d9e0e7; padding: 6px; margin: 4px; border: 1px solid #8da1b4; border-radius: 5px; line-height: 60%"><p style="margin-bottom: 0px"/><p style="margin-bottom: 0px">Profile: <a href="http://hl7.org/fhir/uv/cpg/STU1/StructureDefinition-cpg-executablevalueset.html">CPGExecutableValueSet</a></p></div><p>This value set expansion contains 5 concepts.</p><table class="codes"><tr><td style="white-space:nowrap"><b>Code</b></td><td><b>System</b></td><td><b>Display</b></td><td><b>Definition</b></td></tr><tr><td style="white-space:nowrap"><a name="anc-b10-de176-http://smart.who.int/anc/CodeSystem/anc-custom-codes-ANC.B10.DE176"> </a>  <a href="CodeSystem-anc-custom-codes.html#anc-custom-codes-ANC.46B10.46DE176">ANC.B10.DE176</a></td><td>http://smart.who.int/anc/CodeSystem/anc-custom-codes</td><td>Stock-out</td><td>Reason tetanus toxoid (TT) vaccination not provided - Stock-out</td></tr><tr><td style="white-space:nowrap"><a name="anc-b10-de176-http://smart.who.int/anc/CodeSystem/anc-custom-codes-ANC.B10.DE177"> </a>  <a href="CodeSystem-anc-custom-codes.html#anc-custom-codes-ANC.46B10.46DE177">ANC.B10.DE177</a></td><td>http://smart.who.int/anc/CodeSystem/anc-custom-codes</td><td>Client is ill</td><td>Reason tetanus toxoid (TT) vaccination not provided - Client is ill</td></tr><tr><td style="white-space:nowrap"><a name="anc-b10-de176-http://smart.who.int/anc/CodeSystem/anc-custom-codes-ANC.B10.DE178"> </a>  <a href="CodeSystem-anc-custom-codes.html#anc-custom-codes-ANC.46B10.46DE178">ANC.B10.DE178</a></td><td>http://smart.who.int/anc/CodeSystem/anc-custom-codes</td><td>Client refused</td><td>Reason tetanus toxoid (TT) vaccination not provided - Client refused</td></tr><tr><td style="white-space:nowrap"><a name="anc-b10-de176-http://smart.who.int/anc/CodeSystem/anc-custom-codes-ANC.B10.DE179"> </a>  <a href="CodeSystem-anc-custom-codes.html#anc-custom-codes-ANC.46B10.46DE179">ANC.B10.DE179</a></td><td>http://smart.who.int/anc/CodeSystem/anc-custom-codes</td><td>Allergy to vaccine</td><td>Reason tetanus toxoid (TT) vaccination not provided - Allergy to vaccine</td></tr><tr><td style="white-space:nowrap"><a name="anc-b10-de176-http://smart.who.int/anc/CodeSystem/anc-custom-codes-ANC.B10.DE180"> </a>  <a href="CodeSystem-anc-custom-codes.html#anc-custom-codes-ANC.46B10.46DE180">ANC.B10.DE180</a></td><td>http://smart.who.int/anc/CodeSystem/anc-custom-codes</td><td>Other reason immunization not provided (specify)</td><td>Reason tetanus toxoid (TT) vaccination not provided - Other reason immunization not provided (specify)</td></tr></table></div></text><extension url="http://hl7.org/fhir/uv/cpg/StructureDefinition/cpg-knowledgeCapability"><valueString value="executable"/></extension><extension url="http://hl7.org/fhir/uv/cpg/StructureDefinition/cpg-knowledgeRepresentationLevel"><valueString value="executable"/></extension><url value="http://smart.who.int/anc/ValueSet/anc-b10-de176"/><version value="0.3.0"/><name value="ReasontetanustoxoidTTvaccinationnotprovidedChoices"/><title value="Reason tetanus toxoid (TT) vaccination not provided Choices"/><status value="draft"/><experimental value="false"/><date value="2025-07-10T12:22:41+02:00"/><publisher value="World Health Organization (WHO)"/><contact><telecom><system value="url"/><value value="https://www.who.int"/></telecom></contact><description value="Codes representing possible values for the Reason tetanus toxoid (TT) vaccination not provided Choices element"/><jurisdiction><coding><system value="http://unstats.un.org/unsd/methods/m49/m49.htm"/><code value="001"/></coding></jurisdiction><immutable value="true"/><compose><include><system value="http://smart.who.int/anc/CodeSystem/anc-custom-codes"/><concept><code value="ANC.B10.DE176"/><display value="Stock-out"/></concept><concept><code value="ANC.B10.DE177"/><display value="Client is ill"/></concept><concept><code value="ANC.B10.DE178"/><display value="Client refused"/></concept><concept><code value="ANC.B10.DE179"/><display value="Allergy to vaccine"/></concept><concept><code value="ANC.B10.DE180"/><display value="Other reason immunization not provided (specify)"/></concept></include></compose><expansion><timestamp value="2021-11-30T07:11:22-07:00"/><contains><system value="http://smart.who.int/anc/CodeSystem/anc-custom-codes"/><code value="ANC.B10.DE176"/><display value="Stock-out"/></contains><contains><system value="http://smart.who.int/anc/CodeSystem/anc-custom-codes"/><code value="ANC.B10.DE177"/><display value="Client is ill"/></contains><contains><system value="http://smart.who.int/anc/CodeSystem/anc-custom-codes"/><code value="ANC.B10.DE178"/><display value="Client refused"/></contains><contains><system value="http://smart.who.int/anc/CodeSystem/anc-custom-codes"/><code value="ANC.B10.DE179"/><display value="Allergy to vaccine"/></contains><contains><system value="http://smart.who.int/anc/CodeSystem/anc-custom-codes"/><code value="ANC.B10.DE180"/><display value="Other reason immunization not provided (specify)"/></contains></expansion></ValueSet>