<?xml version="1.0" encoding="UTF-8"?><ValueSet xmlns="http://hl7.org/fhir"><id value="anc-b10-de222"/><text><status value="generated"/><div xmlns="http://www.w3.org/1999/xhtml"><p class="res-header-id"><b>Generated Narrative: ValueSet anc-b10-de222</b></p><a name="anc-b10-de222"> </a><a name="hcanc-b10-de222"> </a><p>This value set includes codes based on the following rules:</p><ul/></div></text><url value="http://smart.who.int/anc/ValueSet/anc-b10-de222"/><version value="0.3.0"/><name value="Doyoubelievehecouldkillyou"/><title value="Do you believe he could kill you"/><status value="draft"/><experimental value="false"/><date value="2025-07-10T12:22:41+02:00"/><publisher value="World Health Organization (WHO)"/><contact><telecom><system value="url"/><value value="https://www.who.int"/></telecom></contact><description value="Codes representing possible values for the Do you believe he could kill you element"/><jurisdiction><coding><system value="http://unstats.un.org/unsd/methods/m49/m49.htm"/><code value="001"/></coding></jurisdiction><immutable value="true"/></ValueSet>