<?xml version="1.0" encoding="UTF-8"?><CodeSystem xmlns="http://hl7.org/fhir"><id value="VaccineManufacturer"/><text><status value="generated"/><div xmlns="http://www.w3.org/1999/xhtml"><p class="res-header-id"><b>Generated Narrative: CodeSystem VaccineManufacturer</b></p><a name="VaccineManufacturer"> </a><a name="hcVaccineManufacturer"> </a><p>This  code system <code>http://smart.who.int/icvp/CodeSystem/VaccineManufacturer</code> defines the following codes:</p><table class="codes"><tr><td style="white-space:nowrap"><b>Code</b></td><td><b>Display</b></td></tr><tr><td style="white-space:nowrap">9f078889f4903702762d00303f0ff713<a name="VaccineManufacturer-9f078889f4903702762d00303f0ff713"> </a></td><td>Federal State Autonomous Scientific Institution «Chumakov Federal Scientific Center for Research &amp; Development of Immune-And Biological Products», Russian Academy of Sciences</td></tr><tr><td style="white-space:nowrap">fca41003618e5d38b1d6e5d20833ca98<a name="VaccineManufacturer-fca41003618e5d38b1d6e5d20833ca98"> </a></td><td>Institut Pasteur de Dakar</td></tr><tr><td style="white-space:nowrap">f18703fb02e156a8ae879e4216f6c561<a name="VaccineManufacturer-f18703fb02e156a8ae879e4216f6c561"> </a></td><td>Sanofi Pasteur</td></tr><tr><td style="white-space:nowrap">51a62ec68a89ce14cf95679495b66719<a name="VaccineManufacturer-51a62ec68a89ce14cf95679495b66719"> </a></td><td>Bio-Manguinhos/Fiocruz</td></tr></table></div></text><url value="http://smart.who.int/icvp/CodeSystem/VaccineManufacturer"/><version value="0.3.0"/><name value="VaccineManufacturer"/><title value="Prequalified Vaccines - Manufacturer names"/><status value="active"/><date value="2025-10-17T14:28:32+00:00"/><publisher value="WHO"/><contact><name value="WHO"/><telecom><system value="url"/><value value="http://who.int"/></telecom></contact><description value="List of WHO Prequalified Vaccines - Manufacturer names"/><content value="complete"/><count value="4"/><concept><code value="9f078889f4903702762d00303f0ff713"/><display value="Federal State Autonomous Scientific Institution «Chumakov Federal Scientific Center for Research &amp; Development of Immune-And Biological Products», Russian Academy of Sciences"/><designation><use><system value="http://terminology.hl7.org/CodeSystem/hl7TermMaintInfra"/><code value="preferredForLanguage"/></use><value value="Federal State Autonomous Scientific Institution «Chumakov Federal Scientific Center for Research &amp; Development of Immune-And Biological Products», Russian Academy of Sciences"/></designation></concept><concept><code value="fca41003618e5d38b1d6e5d20833ca98"/><display value="Institut Pasteur de Dakar"/><designation><use><system value="http://terminology.hl7.org/CodeSystem/hl7TermMaintInfra"/><code value="preferredForLanguage"/></use><value value="Institut Pasteur de Dakar"/></designation></concept><concept><code value="f18703fb02e156a8ae879e4216f6c561"/><display value="Sanofi Pasteur"/><designation><use><system value="http://terminology.hl7.org/CodeSystem/hl7TermMaintInfra"/><code value="preferredForLanguage"/></use><value value="Sanofi Pasteur"/></designation></concept><concept><code value="51a62ec68a89ce14cf95679495b66719"/><display value="Bio-Manguinhos/Fiocruz"/><designation><use><system value="http://terminology.hl7.org/CodeSystem/hl7TermMaintInfra"/><code value="preferredForLanguage"/></use><value value="Bio-Manguinhos/Fiocruz"/></designation></concept></CodeSystem>