{"resourceType":"ValueSet","id":"DDCCQRTypeValueSet","text":{"status":"generated","div":"<div xmlns=\"http://www.w3.org/1999/xhtml\"><p class=\"res-header-id\"><b>Generated Narrative: ValueSet DDCCQRTypeValueSet</b></p><a name=\"DDCCQRTypeValueSet\"> </a><a name=\"hcDDCCQRTypeValueSet\"> </a><a name=\"DDCCQRTypeValueSet-en-US\"> </a><ul><li>Include all codes defined in <a href=\"CodeSystem-DDCCQRTypeCodeSystem.html\"><code>http://smart.who.int/ddcc/CodeSystem/DDCCQRTypeCodeSystem</code></a></li></ul></div>"},"url":"http://smart.who.int/ddcc/ValueSet/DDCCQRTypeValueSet","version":"1.0.0","name":"DDCCQRTypeValueSet","title":"DDCC QR Type Codes","status":"draft","date":"2024-10-15T11:00:36+02:00","publisher":"WHO","contact":[{"name":"WHO","telecom":[{"system":"url","value":"http://who.int"}]}],"description":"Type of QR codes by their business usage","jurisdiction":[{"coding":[{"system":"http://unstats.un.org/unsd/methods/m49/m49.htm","code":"001"}]}],"compose":{"include":[{"system":"http://smart.who.int/ddcc/CodeSystem/DDCCQRTypeCodeSystem"}]}}