{"resourceType":"ValueSet","id":"DDCCFolderDesignationTypeValueSet","text":{"status":"generated","div":"<div xmlns=\"http://www.w3.org/1999/xhtml\"><p class=\"res-header-id\"><b>Generated Narrative: ValueSet DDCCFolderDesignationTypeValueSet</b></p><a name=\"DDCCFolderDesignationTypeValueSet\"> </a><a name=\"hcDDCCFolderDesignationTypeValueSet\"> </a><a name=\"DDCCFolderDesignationTypeValueSet-en-US\"> </a><ul><li>Include all codes defined in <a href=\"CodeSystem-DDCCFolderDesignationTypeCodesystem.html\"><code>http://smart.who.int/ddcc/CodeSystem/DDCCFolderDesignationTypeCodesystem</code></a></li></ul></div>"},"url":"http://smart.who.int/ddcc/ValueSet/DDCCFolderDesignationTypeValueSet","version":"1.0.0","name":"DDCCFolderDesignationTypeValueSet","title":"DDCC DesignationTypes for Folder","status":"draft","date":"2024-10-15T11:00:36+02:00","publisher":"WHO","contact":[{"name":"WHO","telecom":[{"system":"url","value":"http://who.int"}]}],"description":"DDCC Designation Types ValueSet for DDCC Folders.","jurisdiction":[{"coding":[{"system":"http://unstats.un.org/unsd/methods/m49/m49.htm","code":"001"}]}],"compose":{"include":[{"system":"http://smart.who.int/ddcc/CodeSystem/DDCCFolderDesignationTypeCodesystem"}]}}