<?xml version="1.0" encoding="UTF-8"?>

<ValueSet xmlns="http://hl7.org/fhir">
  <id value="LabTestResultIcaoValueSet"/>
  <text>
    <status value="generated"/><div xmlns="http://www.w3.org/1999/xhtml"><p class="res-header-id"><b>Generated Narrative: ValueSet LabTestResultIcaoValueSet</b></p><a name="LabTestResultIcaoValueSet"> </a><a name="hcLabTestResultIcaoValueSet"> </a><a name="LabTestResultIcaoValueSet-en-US"> </a><ul><li>Include these codes as defined in <code>http://smart.who.int/ddcc/CodeSystem/LabTestResultIcaoValueSet</code><table class="none"><tr><td style="white-space:nowrap"><b>Code</b></td><td><b>Display</b></td></tr><tr><td>normal</td><td>Normal</td></tr><tr><td>abnormal</td><td>Abnormal</td></tr><tr><td>positive</td><td>Positive</td></tr><tr><td>negative</td><td>Negative</td></tr></table></li></ul></div>
  </text>
  <url value="http://smart.who.int/ddcc/ValueSet/LabTestResultIcaoValueSet"/>
  <version value="1.0.0"/>
  <name value="LabTestResultIcaoValueSet"/>
  <title value="Lab Test - Qualitative Result - ICAO"/>
  <status value="draft"/>
  <experimental value="true"/>
  <date value="2024-10-15T11:00:36+02:00"/>
  <publisher value="WHO"/>
  <contact>
    <name value="WHO"/>
    <telecom>
      <system value="url"/>
      <value value="http://who.int"/>
    </telecom>
  </contact>
  <description value="This is a one-time snapshot of the allowed values for lab test results in ICAO, retrieved in February 2023 from https://www.icao.int/Security/FAL/TRIP/PublishingImages/Pages/Publications/Visible%20Digital%20Seal%20for%20non-constrained%20environments%20%28VDS-NC%29.pdf. Contents may need to be updated and readers should consult the credential's documentation."/>
  <jurisdiction>
    <coding>
      <system value="http://unstats.un.org/unsd/methods/m49/m49.htm"/>
      <code value="001"/>
    </coding>
  </jurisdiction>
  <compose>
    <include>
      <system value="http://smart.who.int/ddcc/CodeSystem/LabTestResultIcaoValueSet"/>
      <concept>
        <code value="normal"/>
        <display value="Normal"/>
      </concept>
      <concept>
        <code value="abnormal"/>
        <display value="Abnormal"/>
      </concept>
      <concept>
        <code value="positive"/>
        <display value="Positive"/>
      </concept>
      <concept>
        <code value="negative"/>
        <display value="Negative"/>
      </concept>
    </include>
  </compose>
</ValueSet>