{
  "resourceType" : "CodeSystem",
  "id" : "WHODDCCicaolabtestorigin",
  "text" : {
    "status" : "generated",
    "div" : "<div xmlns=\"http://www.w3.org/1999/xhtml\"><p class=\"res-header-id\"><b>Generated Narrative: CodeSystem WHODDCCicaolabtestorigin</b></p><a name=\"WHODDCCicaolabtestorigin\"> </a><a name=\"hcWHODDCCicaolabtestorigin\"> </a><a name=\"WHODDCCicaolabtestorigin-en-US\"> </a><p>This case-sensitive code system <code>http://smart.who.int/ddcc/CodeSystem/WHODDCCicaolabtestorigin</code> defines the following codes:</p><table class=\"codes\"><tr><td style=\"white-space:nowrap\"><b>Code</b></td><td><b>Display</b></td></tr><tr><td style=\"white-space:nowrap\">nasopharyngeal<a name=\"WHODDCCicaolabtestorigin-nasopharyngeal\"> </a></td><td>Sampling method: nasopharyngeal</td></tr><tr><td style=\"white-space:nowrap\">oropharyngeal<a name=\"WHODDCCicaolabtestorigin-oropharyngeal\"> </a></td><td>Sampling method: oropharyngeal</td></tr><tr><td style=\"white-space:nowrap\">saliva<a name=\"WHODDCCicaolabtestorigin-saliva\"> </a></td><td>Sampling method: saliva</td></tr><tr><td style=\"white-space:nowrap\">blood<a name=\"WHODDCCicaolabtestorigin-blood\"> </a></td><td>Sampling method: blood</td></tr><tr><td style=\"white-space:nowrap\">other<a name=\"WHODDCCicaolabtestorigin-other\"> </a></td><td>Sampling method: other</td></tr></table></div>"
  },
  "url" : "http://smart.who.int/ddcc/CodeSystem/WHODDCCicaolabtestorigin",
  "version" : "1.0.0",
  "name" : "WHODDCCicaolabtestorigin",
  "title" : "ICAO lab test origin codes used in this IG",
  "status" : "draft",
  "experimental" : true,
  "date" : "2024-10-15T11:00:36+02:00",
  "publisher" : "WHO",
  "contact" : [{
    "name" : "WHO",
    "telecom" : [{
      "system" : "url",
      "value" : "http://who.int"
    }]
  }],
  "description" : "All ICAO lab test origin codes from its internally defined code system used in this IG. Provided so the FHIR server can perform expansions.",
  "jurisdiction" : [{
    "coding" : [{
      "system" : "http://unstats.un.org/unsd/methods/m49/m49.htm",
      "code" : "001"
    }]
  }],
  "caseSensitive" : true,
  "content" : "complete",
  "count" : 5,
  "concept" : [{
    "code" : "nasopharyngeal",
    "display" : "Sampling method: nasopharyngeal"
  },
  {
    "code" : "oropharyngeal",
    "display" : "Sampling method: oropharyngeal"
  },
  {
    "code" : "saliva",
    "display" : "Sampling method: saliva"
  },
  {
    "code" : "blood",
    "display" : "Sampling method: blood"
  },
  {
    "code" : "other",
    "display" : "Sampling method: other"
  }]
}