{"resourceType":"ValueSet","id":"anc-b9-de79","text":{"status":"generated","div":"<div xmlns=\"http://www.w3.org/1999/xhtml\"><p class=\"res-header-id\"><b>Generated Narrative: ValueSet anc-b9-de79</b></p><a name=\"anc-b9-de79\"> </a><a name=\"hcanc-b9-de79\"> </a><p>This value set includes codes based on the following rules:</p><ul/></div>"},"url":"http://smart.who.int/anc/ValueSet/anc-b9-de79","version":"0.3.0","name":"HepatitisCtestordered","title":"Hepatitis C test ordered","status":"draft","experimental":false,"date":"2025-07-09T22:14:31+02:00","publisher":"World Health Organization (WHO)","contact":[{"telecom":[{"system":"url","value":"https://www.who.int"}]}],"description":"Codes representing possible values for the Hepatitis C test ordered element","jurisdiction":[{"coding":[{"system":"http://unstats.un.org/unsd/methods/m49/m49.htm","code":"001"}]}],"immutable":true}