{"resourceType":"ValueSet","id":"anc-b9-de124-choices-grouper","text":{"status":"generated","div":"<div xmlns=\"http://www.w3.org/1999/xhtml\"><p class=\"res-header-id\"><b>Generated Narrative: ValueSet anc-b9-de124-choices-grouper</b></p><a name=\"anc-b9-de124-choices-grouper\"> </a><a name=\"hcanc-b9-de124-choices-grouper\"> </a><p>This value set expansion contains 3 concepts.</p><table class=\"codes\"><tr><td style=\"white-space:nowrap\"><b>Code</b></td><td><b>System</b></td><td><b>Display</b></td><td><b>Definition</b></td></tr><tr><td style=\"white-space:nowrap\"><a name=\"anc-b9-de124-choices-grouper-http://smart.who.int/anc/CodeSystem/anc-custom-codes-ANC.B9.DE126\"> </a>\u00a0\u00a0<a href=\"CodeSystem-anc-custom-codes.html#anc-custom-codes-ANC.46B9.46DE126\">ANC.B9.DE126</a></td><td>http://smart.who.int/anc/CodeSystem/anc-custom-codes</td><td>Positive - any agent</td><td>Midstream urine culture (recommended) - Positive - any agent</td></tr><tr><td style=\"white-space:nowrap\"><a name=\"anc-b9-de124-choices-grouper-http://smart.who.int/anc/CodeSystem/anc-custom-codes-ANC.B9.DE127\"> </a>\u00a0\u00a0<a href=\"CodeSystem-anc-custom-codes.html#anc-custom-codes-ANC.46B9.46DE127\">ANC.B9.DE127</a></td><td>http://smart.who.int/anc/CodeSystem/anc-custom-codes</td><td>Positive - Group B Streptococcus (GBS)</td><td>Midstream urine culture (recommended) - Positive - Group B Streptococcus (GBS)</td></tr><tr><td style=\"white-space:nowrap\"><a name=\"anc-b9-de124-choices-grouper-http://smart.who.int/anc/CodeSystem/anc-custom-codes-ANC.B9.DE128\"> </a>\u00a0\u00a0<a href=\"CodeSystem-anc-custom-codes.html#anc-custom-codes-ANC.46B9.46DE128\">ANC.B9.DE128</a></td><td>http://smart.who.int/anc/CodeSystem/anc-custom-codes</td><td>Negative</td><td>Midstream urine culture (recommended) - Negative</td></tr></table></div>"},"url":"http://smart.who.int/anc/ValueSet/anc-b9-de124-choices-grouper","version":"0.3.0","name":"MidstreamurineculturerecommendedChoicesGrouper","title":"Midstream urine culture (recommended) Choices Grouper","status":"draft","experimental":false,"date":"2021-09-07T20:15:19-06:00","publisher":"World Health Organization (WHO)","contact":[{"telecom":[{"system":"url","value":"https://www.who.int"}]}],"description":"Group Valueset with codes representing possible values for the Midstream urine culture (recommended) Choices Grouper element","jurisdiction":[{"coding":[{"system":"http://unstats.un.org/unsd/methods/m49/m49.htm","code":"001"}]}],"immutable":true,"compose":{"include":[{"valueSet":["http://smart.who.int/anc/ValueSet/anc-b9-de126"]},{"valueSet":["http://smart.who.int/anc/ValueSet/anc-b9-de127"]},{"valueSet":["http://smart.who.int/anc/ValueSet/anc-b9-de128"]}]},"expansion":{"timestamp":"2021-09-07T20:15:19-06:00","contains":[{"system":"http://smart.who.int/anc/CodeSystem/anc-custom-codes","code":"ANC.B9.DE126","display":"Positive - any agent"},{"system":"http://smart.who.int/anc/CodeSystem/anc-custom-codes","code":"ANC.B9.DE127","display":"Positive - Group B Streptococcus (GBS)"},{"system":"http://smart.who.int/anc/CodeSystem/anc-custom-codes","code":"ANC.B9.DE128","display":"Negative"}]}}