{"resourceType":"ValueSet","id":"anc-b6-de26","text":{"status":"generated","div":"<div xmlns=\"http://www.w3.org/1999/xhtml\"><p class=\"res-header-id\"><b>Generated Narrative: ValueSet anc-b6-de26</b></p><a name=\"anc-b6-de26\"> </a><a name=\"hcanc-b6-de26\"> </a><p>This value set includes codes based on the following rules:</p><ul/></div>"},"url":"http://smart.who.int/anc/ValueSet/anc-b6-de26","version":"0.3.0","name":"Numberoflivebirths","title":"Number of live births","status":"draft","experimental":false,"date":"2025-07-09T22:14:31+02:00","publisher":"World Health Organization (WHO)","contact":[{"telecom":[{"system":"url","value":"https://www.who.int"}]}],"description":"Codes representing possible values for the Number of live births element","jurisdiction":[{"coding":[{"system":"http://unstats.un.org/unsd/methods/m49/m49.htm","code":"001"}]}],"immutable":true}