{"resourceType":"ValueSet","id":"anc-b8-de71-choices-grouper","text":{"status":"generated","div":"<div xmlns=\"http://www.w3.org/1999/xhtml\"><p class=\"res-header-id\"><b>Generated Narrative: ValueSet anc-b8-de71-choices-grouper</b></p><a name=\"anc-b8-de71-choices-grouper\"> </a><a name=\"hcanc-b8-de71-choices-grouper\"> </a><p>This value set expansion contains 7 concepts.</p><table class=\"codes\"><tr><td style=\"white-space:nowrap\"><b>Code</b></td><td><b>System</b></td><td><b>Display</b></td><td><b>Definition</b></td></tr><tr><td style=\"white-space:nowrap\"><a name=\"anc-b8-de71-choices-grouper-http://smart.who.int/anc/CodeSystem/anc-custom-codes-ANC.B8.DE72\"> </a>\u00a0\u00a0<a href=\"CodeSystem-anc-custom-codes.html#anc-custom-codes-ANC.46B8.46DE72\">ANC.B8.DE72</a></td><td>http://smart.who.int/anc/CodeSystem/anc-custom-codes</td><td>Abdominal exam result not done</td><td>Abdominal exam result - Abdominal exam result not done</td></tr><tr><td style=\"white-space:nowrap\"><a name=\"anc-b8-de71-choices-grouper-http://smart.who.int/anc/CodeSystem/anc-custom-codes-ANC.B8.DE73\"> </a>\u00a0\u00a0<a href=\"CodeSystem-anc-custom-codes.html#anc-custom-codes-ANC.46B8.46DE73\">ANC.B8.DE73</a></td><td>http://smart.who.int/anc/CodeSystem/anc-custom-codes</td><td>Normal abdominal exam result</td><td>Abdominal exam result - Normal abdominal exam result</td></tr><tr><td style=\"white-space:nowrap\"><a name=\"anc-b8-de71-choices-grouper-http://smart.who.int/anc/CodeSystem/anc-custom-codes-ANC.B8.DE74\"> </a>\u00a0\u00a0<a href=\"CodeSystem-anc-custom-codes.html#anc-custom-codes-ANC.46B8.46DE74\">ANC.B8.DE74</a></td><td>http://smart.who.int/anc/CodeSystem/anc-custom-codes</td><td>Mass/tumour</td><td>Abdominal exam result - Mass/tumour</td></tr><tr><td style=\"white-space:nowrap\"><a name=\"anc-b8-de71-choices-grouper-http://smart.who.int/anc/CodeSystem/anc-custom-codes-ANC.B8.DE75\"> </a>\u00a0\u00a0<a href=\"CodeSystem-anc-custom-codes.html#anc-custom-codes-ANC.46B8.46DE75\">ANC.B8.DE75</a></td><td>http://smart.who.int/anc/CodeSystem/anc-custom-codes</td><td>Pain on superficial palpation</td><td>Abdominal exam result - Pain on superficial palpation</td></tr><tr><td style=\"white-space:nowrap\"><a name=\"anc-b8-de71-choices-grouper-http://smart.who.int/anc/CodeSystem/anc-custom-codes-ANC.B8.DE76\"> </a>\u00a0\u00a0<a href=\"CodeSystem-anc-custom-codes.html#anc-custom-codes-ANC.46B8.46DE76\">ANC.B8.DE76</a></td><td>http://smart.who.int/anc/CodeSystem/anc-custom-codes</td><td>Pain on deep palpation</td><td>Abdominal exam result - Pain on deep palpation</td></tr><tr><td style=\"white-space:nowrap\"><a name=\"anc-b8-de71-choices-grouper-http://smart.who.int/anc/CodeSystem/anc-custom-codes-ANC.B8.DE77\"> </a>\u00a0\u00a0<a href=\"CodeSystem-anc-custom-codes.html#anc-custom-codes-ANC.46B8.46DE77\">ANC.B8.DE77</a></td><td>http://smart.who.int/anc/CodeSystem/anc-custom-codes</td><td>Painful decompression</td><td>Abdominal exam result - Painful decompression</td></tr><tr><td style=\"white-space:nowrap\"><a name=\"anc-b8-de71-choices-grouper-http://smart.who.int/anc/CodeSystem/anc-custom-codes-ANC.B8.DE78\"> </a>\u00a0\u00a0<a href=\"CodeSystem-anc-custom-codes.html#anc-custom-codes-ANC.46B8.46DE78\">ANC.B8.DE78</a></td><td>http://smart.who.int/anc/CodeSystem/anc-custom-codes</td><td>Other abnormal abdominal exam result (specify)</td><td>Abdominal exam result - Other abnormal abdominal exam result (specify)</td></tr></table></div>"},"url":"http://smart.who.int/anc/ValueSet/anc-b8-de71-choices-grouper","version":"0.3.0","name":"AbdominalexamresultChoicesGrouper","title":"Abdominal exam result Choices Grouper","status":"draft","experimental":false,"date":"2021-09-07T20:15:19-06:00","publisher":"World Health Organization (WHO)","contact":[{"telecom":[{"system":"url","value":"https://www.who.int"}]}],"description":"Group Valueset with codes representing possible values for the Abdominal exam result Choices Grouper element","jurisdiction":[{"coding":[{"system":"http://unstats.un.org/unsd/methods/m49/m49.htm","code":"001"}]}],"immutable":true,"compose":{"include":[{"valueSet":["http://smart.who.int/anc/ValueSet/anc-b8-de72"]},{"valueSet":["http://smart.who.int/anc/ValueSet/anc-b8-de73"]},{"valueSet":["http://smart.who.int/anc/ValueSet/anc-b8-de74"]},{"valueSet":["http://smart.who.int/anc/ValueSet/anc-b8-de75"]},{"valueSet":["http://smart.who.int/anc/ValueSet/anc-b8-de76"]},{"valueSet":["http://smart.who.int/anc/ValueSet/anc-b8-de77"]},{"valueSet":["http://smart.who.int/anc/ValueSet/anc-b8-de78"]}]},"expansion":{"timestamp":"2021-09-07T20:15:19-06:00","contains":[{"system":"http://smart.who.int/anc/CodeSystem/anc-custom-codes","code":"ANC.B8.DE72","display":"Abdominal exam result not done"},{"system":"http://smart.who.int/anc/CodeSystem/anc-custom-codes","code":"ANC.B8.DE73","display":"Normal abdominal exam result"},{"system":"http://smart.who.int/anc/CodeSystem/anc-custom-codes","code":"ANC.B8.DE74","display":"Mass/tumour"},{"system":"http://smart.who.int/anc/CodeSystem/anc-custom-codes","code":"ANC.B8.DE75","display":"Pain on superficial palpation"},{"system":"http://smart.who.int/anc/CodeSystem/anc-custom-codes","code":"ANC.B8.DE76","display":"Pain on deep palpation"},{"system":"http://smart.who.int/anc/CodeSystem/anc-custom-codes","code":"ANC.B8.DE77","display":"Painful decompression"},{"system":"http://smart.who.int/anc/CodeSystem/anc-custom-codes","code":"ANC.B8.DE78","display":"Other abnormal abdominal exam result (specify)"}]}}