{"resourceType":"ValueSet","id":"anc-activity-codes","text":{"status":"generated","div":"<div xmlns=\"http://www.w3.org/1999/xhtml\"><p class=\"res-header-id\"><b>Generated Narrative: ValueSet anc-activity-codes</b></p><a name=\"anc-activity-codes\"> </a><a name=\"hcanc-activity-codes\"> </a><ul><li>Include all codes defined in <a href=\"CodeSystem-anc-activity-codes.html\"><code>http://smart.who.int/anc/CodeSystem/anc-activity-codes</code></a></li></ul></div>"},"url":"http://smart.who.int/anc/ValueSet/anc-activity-codes","version":"0.3.0","name":"ANCActivityCodes","title":"ANC Activity Codes","status":"active","date":"2025-07-10T11:54:36+02:00","publisher":"World Health Organization (WHO)","contact":[{"telecom":[{"system":"url","value":"https://www.who.int"}]}],"jurisdiction":[{"coding":[{"system":"http://unstats.un.org/unsd/methods/m49/m49.htm","code":"001"}]}],"compose":{"include":[{"system":"http://smart.who.int/anc/CodeSystem/anc-activity-codes"}]}}