<?xml version="1.0" encoding="UTF-8"?>

<ConceptMap xmlns="http://hl7.org/fhir">
  <id value="who-ddcc-map-ichi-sct-specimen-origin"/>
  <text>
    <status value="generated"/><div xmlns="http://www.w3.org/1999/xhtml"><p class="res-header-id"><b>Generated Narrative: ConceptMap who-ddcc-map-ichi-sct-specimen-origin</b></p><a name="who-ddcc-map-ichi-sct-specimen-origin"> </a><a name="hcwho-ddcc-map-ichi-sct-specimen-origin"> </a><a name="who-ddcc-map-ichi-sct-specimen-origin-en-US"> </a><p>Mapping from (not specified) to (not specified)</p><br/><p><b>Group 1 </b>Mapping from <code>http://id.who.int/icd11/mms</code> to <a href="CodeSystem-WHODDCCsnomed.html">SNOMED codes used in this IG</a></p><table class="grid"><tr><td><b>Source Code</b></td><td><b>Relationship</b></td><td><b>Target Code</b></td></tr><tr><td>JAM.AH.XF</td><td><a href="http://hl7.org/fhir/extensions/5.1.0/CodeSystem-concept-map-equivalence.html#equivalent" title="equivalent">is equivalent to</a></td><td>258500001</td></tr><tr><td>KAR.AH.XF</td><td><a href="http://hl7.org/fhir/extensions/5.1.0/CodeSystem-concept-map-equivalence.html#wider" title="wider">maps to wider concept</a></td><td>461911000124106</td></tr><tr><td>KAR.AH.XF</td><td><a href="http://hl7.org/fhir/extensions/5.1.0/CodeSystem-concept-map-equivalence.html#wider" title="wider">maps to wider concept</a></td><td>472881004</td></tr><tr><td>JAE.AH.XF</td><td><a href="http://hl7.org/fhir/extensions/5.1.0/CodeSystem-concept-map-equivalence.html#equivalent" title="equivalent">is equivalent to</a></td><td>472901003</td></tr><tr><td>KAZ.AH.XD</td><td><a href="http://hl7.org/fhir/extensions/5.1.0/CodeSystem-concept-map-equivalence.html#equivalent" title="equivalent">is equivalent to</a></td><td>119342007</td></tr><tr><td>DIA.AH.XA</td><td><a href="http://hl7.org/fhir/extensions/5.1.0/CodeSystem-concept-map-equivalence.html#wider" title="wider">maps to wider concept</a></td><td>119297000</td></tr><tr><td>DIA.AH.XA</td><td><a href="http://hl7.org/fhir/extensions/5.1.0/CodeSystem-concept-map-equivalence.html#wider" title="wider">maps to wider concept</a></td><td>119361006</td></tr><tr><td>DIA.AH.XA</td><td><a href="http://hl7.org/fhir/extensions/5.1.0/CodeSystem-concept-map-equivalence.html#wider" title="wider">maps to wider concept</a></td><td>119364003</td></tr><tr><td>DIA.AH.XA</td><td><a href="http://hl7.org/fhir/extensions/5.1.0/CodeSystem-concept-map-equivalence.html#wider" title="wider">maps to wider concept</a></td><td>122592007</td></tr></table></div>
  </text>
  <url value="http://smart.who.int/ddcc/ConceptMap/who-ddcc-map-ichi-sct-specimen-origin"/>
  <version value="1.0.1"/>
  <name value="ICHI_SNOMED_CT_COVID19_Specimen_Origin"/>
  <title value="ConceptMap from ICHI to SNOMED CT for Specimen Origin"/>
  <status value="draft"/>
  <experimental value="true"/>
  <date value="2022-03-22"/>
  <publisher value="WHO"/>
  <contact>
    <name value="WHO"/>
    <telecom>
      <system value="url"/>
      <value value="http://who.int"/>
    </telecom>
  </contact>
  <description value="Rule-based mappings between ICHI and SNOMED CT for COVID-19 Specimen Origin"/>
  <jurisdiction>
    <coding>
      <system value="http://unstats.un.org/unsd/methods/m49/m49.htm"/>
      <code value="001"/>
    </coding>
  </jurisdiction>
  <group>
    <source value="http://id.who.int/icd11/mms"/>
    <target value="http://snomed.info/sct"/>
    <element>
      <code value="JAM.AH.XF"/>
      <target>
        <code value="258500001"/>
        <equivalence value="equivalent"/>
      </target>
    </element>
    <element>
      <code value="KAR.AH.XF"/>
      <target>
        <code value="461911000124106"/>
        <equivalence value="wider"/>
      </target>
    </element>
    <element>
      <code value="KAR.AH.XF"/>
      <target>
        <code value="472881004"/>
        <equivalence value="wider"/>
      </target>
    </element>
    <element>
      <code value="JAE.AH.XF"/>
      <target>
        <code value="472901003"/>
        <equivalence value="equivalent"/>
      </target>
    </element>
    <element>
      <code value="KAZ.AH.XD"/>
      <target>
        <code value="119342007"/>
        <equivalence value="equivalent"/>
      </target>
    </element>
    <element>
      <code value="DIA.AH.XA"/>
      <target>
        <code value="119297000"/>
        <equivalence value="wider"/>
      </target>
    </element>
    <element>
      <code value="DIA.AH.XA"/>
      <target>
        <code value="119361006"/>
        <equivalence value="wider"/>
      </target>
    </element>
    <element>
      <code value="DIA.AH.XA"/>
      <target>
        <code value="119364003"/>
        <equivalence value="wider"/>
      </target>
    </element>
    <element>
      <code value="DIA.AH.XA"/>
      <target>
        <code value="122592007"/>
        <equivalence value="wider"/>
      </target>
    </element>
  </group>
</ConceptMap>